action,id_i,id_j,cap,cost
prune,2808,,0.13137658418599632,0.1231568715678796
prune,178,,0.1586908704444253,0.1487209877448326
prune,2837,,0.21739659636037065,0.20368564913919077
prune,179,,0.24860288301589836,0.23286558884851066
prune,3029,,0.2608097905813913,0.24423960289764707
prune,195,,0.2725641148623196,0.2551851664635003
prune,1157,,0.2953218786627082,0.27642664293057373
prune,2289,,0.30180341423780394,0.28242736263936113
prune,2089,,0.3265839394531617,0.3055477106160524
prune,2859,,0.32807271843942026,0.3068711578082987
prune,932,,0.3395070065593902,0.3174957490429564
prune,2073,,0.3405006047568242,0.31835404324553307
prune,3064,,0.3505292110388619,0.3276583919064431
prune,1430,,0.35827406361745207,0.33482512038769807
prune,127,,0.37837859173730104,0.35353908294018305
prune,1184,,0.39072335464431973,0.36499763774516314
prune,2656,,0.3909653873878028,0.365147888147509
prune,161,,0.3913460991263111,0.3654275634089726
prune,1102,,0.40242025657950753,0.3756914977504174
prune,208,,0.4153821112661551,0.38771467878618426
prune,1656,,0.4155136184651008,0.38775965079414354
prune,1779,,0.41684500739782937,0.38892422389531356
prune,1959,,0.41955754178281446,0.3913769807604388
prune,2153,,0.420984363953953,0.3926297640983706
prune,2574,,0.4306522145026637,0.40156762316298766
prune,3016,,0.43315825891099907,0.40382541716696374
prune,1443,,0.43749080141515695,0.40778529372115463
prune,751,,0.43859832948012306,0.4087382649811034
prune,1787,,0.44120372508227645,0.4110867625850355
prune,2413,,0.444977183121078,0.4145228971151435
prune,765,,0.4472238774464431,0.41653594562665064
prune,1097,,0.45483073422951303,0.423540553394092
prune,37,,0.45820295948387735,0.4266003323226162
prune,1815,,0.4615814435692272,0.4296651749699479
prune,1281,,0.4623806111779548,0.4303284020065559
prune,2409,,0.46435594625737664,0.43208601904400923
prune,397,,0.46681187070336394,0.4342903601774347
prune,2956,,0.4678903050923525,0.43521268526852125
prune,2795,,0.4694921707586519,0.4366216122144092
prune,1978,,0.470822907986039,0.43777804208104587
prune,682,,0.4717474303013322,0.438556479555689
prune,140,,0.4750043990530523,0.4415029560477619
prune,712,,0.47615383434458386,0.4424899183533703
prune,619,,0.47648660934570647,0.44271772596808595
prune,320,,0.47707618961961984,0.4431840375912546
prune,1625,,0.48026243460060863,0.44606231043625905
prune,439,,0.48379430661435896,0.44926091876457264
prune,800,,0.4858210971392543,0.45106119566534336
prune,454,,0.4864865825068111,0.4515971813911924
prune,2748,,0.48737667170742865,0.45234150029165293
prune,126,,0.4882656309346677,0.4530845704692245
prune,2081,,0.4883177214622292,0.4530508955881504
prune,2015,,0.4910397494613747,0.4554942226364294
prune,688,,0.49186716239178824,0.4561795801469624
prune,1995,,0.49365048134790307,0.4577512774084027
prune,2156,,0.49548641355179407,0.45937139301025753
prune,3051,,0.498025367723529,0.4616428970404951
prune,2041,,0.4982453307518493,0.46176436979129504
prune,1363,,0.4989091323487524,0.4622971066167704
prune,2614,,0.4993337395368889,0.46260805729236987
prune,2269,,0.5015529417295722,0.4645814664603557
prune,767,,0.5018397751340026,0.46476455241622655
prune,34,,0.5058367033408755,0.46838348162800975
prune,842,,0.5066079360402737,0.46901485851026126
prune,2435,,0.5067403620647384,0.4690546773616697
prune,2452,,0.5072659829318312,0.4694583922171114
prune,1612,,0.5124967393385608,0.47421635668964546
prune,2774,,0.512987202349273,0.4745872184421658
prune,1298,,0.5131752892463026,0.47467823016519245
prune,1984,,0.5160439279128228,0.47724860659895896
prune,2026,,0.5161560959842643,0.4772692495718068
prune,698,,0.5168672014187615,0.477843652062061
prune,1782,,0.5198132367868344,0.4804840682768331
prune,330,,0.5207478686305361,0.48126475497544285
prune,1839,,0.5208422045008102,0.4812686797698492
prune,1104,,0.5209939744028257,0.48132563120032645
prune,2660,,0.5222345098989185,0.4823883850039177
prune,1877,,0.5245585391305687,0.48445171419401534
prune,597,,0.5286006968932638,0.48810137622680544
prune,933,,0.5292268312009792,0.4885960674146529
prune,317,,0.5298760078268532,0.4891119013964881
prune,585,,0.5310649694860059,0.49012585676405146
prune,2165,,0.5312279229954057,0.4901926822262676
prune,1366,,0.5322907827404256,0.49108984057316696
prune,826,,0.5325340550499097,0.4912306543384135
prune,1648,,0.5342421478701352,0.4927226028041688
prune,2132,,0.5366864892266617,0.49489327653925225
prune,695,,0.538292612000439,0.4962905926733346
prune,1360,,0.5383209764286429,0.4962329823994365
prune,2443,,0.538804304501386,0.4965947316233962
prune,11,,0.5407954689941773,0.49834608818061793
prune,1507,,0.5418726153299163,0.4992548343852439
prune,943,,0.5421935470573959,0.49946664666520196
prune,1862,,0.5422787472995909,0.49946122619284844
prune,1117,,0.5428101850272548,0.4998667675258088
prune,2687,,0.5439464869991714,0.5008292102801769
prune,3049,,0.5445508955279474,0.5013017181986036
prune,49,,0.5446128723358699,0.5012747537904628
prune,1972,,0.5460349640648291,0.5024996355680373
prune,664,,0.5481555408506549,0.5043670694514346
prune,1418,,0.5495557772904497,0.5055713566997385
prune,1239,,0.5495632780633858,0.5054941348593459
prune,2270,,0.5509251535768824,0.5066626566252266
prune,2339,,0.5511924587677662,0.5068243125685279
prune,843,,0.5514482678836728,0.5069753293418109
prune,1731,,0.5520591708704944,0.5074527374445157
prune,149,,0.5565464955693281,0.5114932563393819
prune,2949,,0.5565916279481463,0.5114504769097753
prune,1038,,0.5567507042577705,0.51151236546335
prune,2914,,0.5576299635726154,0.5122358724154238
prune,2581,,0.5576728577650418,0.5121909371170232
prune,2332,,0.5583236535797231,0.5127042943964912
prune,629,,0.5583695975280618,0.5126620936908312
prune,1784,,0.5600104105285875,0.5140841852938977
prune,520,,0.56019284355315,0.5141672230252099
prune,1833,,0.560601208228576,0.5144575765644236
prune,2919,,0.5611023871472364,0.5148330183550951
prune,2559,,0.5616306736630943,0.5152332324440596
prune,1463,,0.5618670071465609,0.5153655056072395
prune,2834,,0.5622694695375826,0.5156500972558007
prune,375,,0.562695671368504,0.5159563741581665
prune,2119,,0.5629457513791967,0.5161010673283576
prune,2232,,0.563251214427005,0.5162964708042416
prune,1941,,0.5640232093735589,0.5169194467562573
prune,2163,,0.5644557086422203,0.5172311386545728
prune,542,,0.5647366638797534,0.5174038737006393
prune,1685,,0.5664129053594157,0.5188548975893319
prune,2832,,0.5669859710420968,0.5192950983920309
prune,308,,0.5674375850590732,0.5196239531064164
prune,1171,,0.5695502882241679,0.5214738592845857
prune,2618,,0.5695588814488431,0.5213969215858331
prune,991,,0.5697450925440509,0.5214825535122447
prune,1169,,0.5707412458508825,0.5223094740156116
prune,2791,,0.5709355394475666,0.5224024032120966
prune,166,,0.5716136862861573,0.5229380055720363
prune,136,,0.5717077802181297,0.522939160362715
prune,2968,,0.5730031424241643,0.5240390858843096
prune,2079,,0.5731835766371098,0.5241191362008621
prune,336,,0.573378860682343,0.5242127110495585
prune,1145,,0.5765152163000141,0.5269951568933972
prune,2713,,0.5765247798303222,0.5269188953500397
prune,438,,0.576526441497232,0.5268353799025739
prune,901,,0.5768540781717861,0.5270497182224573
prune,2905,,0.5778931130602114,0.5279139730342852
prune,2049,,0.5795306541250422,0.5293248177696871
prune,666,,0.5796947727006132,0.5293896172474151
prune,128,,0.5797463366034966,0.529351575462911
prune,1196,,0.5798095617090178,0.5293241440026744
prune,814,,0.5799127042540388,0.5293331160486019
prune,1377,,0.5803537874142988,0.5296505158830744
prune,1071,,0.5815595924444525,0.5306657538497218
prune,956,,0.581825602021635,0.530823237835428
prune,2391,,0.581847523458409,0.5307579607092813
prune,508,,0.5822240936348825,0.5310161651703621
prune,269,,0.5822604240041257,0.5309639691783675
prune,1079,,0.5823637907538977,0.5309728693583057
prune,134,,0.5825343878450886,0.5310430241869053
prune,1364,,0.5828178290499776,0.5312159980208412
prune,2631,,0.5829705578151136,0.5312697628108226
prune,744,,0.583034314831701,0.5312423940214605
prune,196,,0.5834428701613341,0.531529162026035
prune,2060,,0.5837229309409825,0.5316987831538021
prune,1892,,0.5848687063515656,0.53265691313033
prune,1659,,0.5854053966367823,0.5330601437684398
prune,167,,0.5857145053659814,0.5332560391627699
prune,217,,0.5860335511314959,0.5334609117147598
prune,2804,,0.5865017657863979,0.5338015031650845
prune,2110,,0.5867367682532336,0.5339297429400607
prune,1732,,0.5871125147268694,0.5341860018159637
prune,467,,0.58787379352305,0.5347929684830989
prune,715,,0.5879321992433593,0.5347603852551747
prune,1341,,0.5880987329619952,0.5348261145936696
prune,601,,0.588448535833677,0.5350584635077626
prune,1185,,0.5887283491681216,0.5352270965803492
prune,1292,,0.5891307713276286,0.5355071327511393
prune,654,,0.589296468867494,0.5355719047166717
prune,486,,0.5900525994214416,0.5361732426549526
prune,2130,,0.5905224293456813,0.5365142917720133
prune,1303,,0.5906043619741637,0.5365028217081159
prune,2288,,0.590980957925866,0.5367589876045616
prune,607,,0.5913057349292274,0.5369680097605491
prune,794,,0.5914265194495126,0.536991708881601
prune,1733,,0.5914442548270799,0.5369217943901908
prune,426,,0.591516996719356,0.5369017827621058
prune,2291,,0.5922841941983865,0.5375120824780008
prune,2492,,0.5925163375473126,0.5376366697283157
prune,725,,0.5928976166393716,0.5378965228212665
prune,2595,,0.5934055423089675,0.5382711986023737
prune,1567,,0.5935636416190585,0.5383284489392389
prune,1022,,0.5940996216709848,0.5387283734775122
prune,742,,0.5944027852914942,0.5389170779753598
prune,2789,,0.5948509181585313,0.5392371540862364
prune,2597,,0.5955012259046156,0.5397404222773545
prune,325,,0.5964046234532507,0.5404729780631787
prune,729,,0.5965716281995057,0.5405380421985263
prune,878,,0.5965790913523029,0.5404584934660105
prune,1135,,0.5967238573783812,0.5405033016104368
prune,1757,,0.5971602729821589,0.5408122392351472
prune,2963,,0.5978389568439598,0.541340506644893
prune,1889,,0.5981343242728291,0.5415215598467301
prune,559,,0.599001238776658,0.5422200114519083
prune,2577,,0.5990553428882561,0.5421825452867913
prune,2787,,0.5991070078756789,0.5421428324736084
prune,1492,,0.5992174725337632,0.5421562913562328
prune,15,,0.5993781743379964,0.5422151591253397
prune,2447,,0.5998332907057681,0.5425403192288025
prune,1515,,0.5998572668074419,0.5424754215626241
prune,928,,0.5999016863659906,0.5424289766955819
prune,2596,,0.6003106831260375,0.5427121530156201
prune,570,,0.6009595614350574,0.5432121204969543
prune,787,,0.6013865199505753,0.5435113781569376
prune,1384,,0.6023167694686435,0.5442654233449575
prune,2372,,0.6027093203594611,0.5445334375009817
prune,1495,,0.6043350075012979,0.545915517696216
prune,1290,,0.606235528681163,0.5475456542627513
prune,2278,,0.6066443535963619,0.5478282136196675
prune,2725,,0.6072781043576199,0.5483138191238591
prune,333,,0.6077566093279086,0.5486591434797099
prune,2673,,0.6079807103181579,0.5487747070607163
prune,2336,,0.6080651988333081,0.5487641910890537
prune,894,,0.6083332627999525,0.5489193103777633
prune,1542,,0.6090614230558318,0.5494895408380649
prune,474,,0.6091508318804023,0.5494833612507343
prune,2475,,0.6095595216372814,0.549765155028002
prune,1039,,0.6096289346688722,0.5497408636388814
prune,2400,,0.6097468605773871,0.5497602796400919
prune,1658,,0.610958534368546,0.5507658293659148
prune,2868,,0.6112164466282863,0.5509113860933864
prune,502,,0.6112362925436592,0.5508422953274239
prune,1960,,0.6113301091923742,0.5508398330200329
prune,190,,0.6113721201465101,0.5507906453980956
prune,1613,,0.6115522275002946,0.5508658361448417
prune,2118,,0.6118930225303645,0.5510857205910992
prune,493,,0.6119306713366244,0.5510325030910673
prune,1504,,0.61200148834056,0.5510091160579855
prune,2608,,0.6122951607164225,0.5511863401074308
prune,456,,0.612421258049921,0.5512126419877852
prune,1692,,0.6126262842055887,0.5513099389349444
prune,2945,,0.6127946980289484,0.5513742303520428
prune,2745,,0.6129445876814772,0.551421801224074
prune,707,,0.6132101804739731,0.5515734151732621
prune,1301,,0.6141223936271176,0.5523066127590989
prune,757,,0.6143001129917076,0.5523790906939053
prune,2322,,0.6145798220319313,0.5525432277646599
prune,1729,,0.614789024267462,0.5526439081801279
prune,2765,,0.6148791383338352,0.5526374773990548
prune,2881,,0.6154270110573403,0.5530424396732362
prune,2495,,0.6155839467912232,0.5530959866477058
prune,2810,,0.6158841447415019,0.5532782068777431
prune,732,,0.6159767918057514,0.5532739004066923
prune,46,,0.6162498680318367,0.5534316182358958
prune,2308,,0.6162925180859978,0.5533823269906208
prune,1778,,0.6164312823348173,0.5534193030349425
prune,2560,,0.6167962703736954,0.5536593364577918
prune,927,,0.6168260439059482,0.5535983835560502
prune,2192,,0.6173469039386918,0.5539781575683359
prune,1051,,0.6176169428447758,0.5541327572793623
prune,1247,,0.6177141246766809,0.5541321981791374
prune,793,,0.6179208161055456,0.5542298355233939
prune,38,,0.6184863068118455,0.5546492452938134
prune,2655,,0.6188978227846345,0.5549304723113947
prune,2204,,0.6190449331021666,0.5549745339194665
prune,2624,,0.6192486339003133,0.5550692805444865
prune,220,,0.6208054463584317,0.5563768931372053
prune,1904,,0.620988479165734,0.5564530514259417
prune,960,,0.622532086177715,0.5577483835251774
prune,1193,,0.6230927754438881,0.5581628530356869
prune,5,,0.6231977747525543,0.5581690080190146
prune,219,,0.6232417288181177,0.5581204394736857
prune,964,,0.6234557358754754,0.5582241221594515
prune,1059,,0.6241047435297093,0.5587172507314536
prune,2473,,0.6241106462015052,0.5586345261161393
prune,660,,0.6246269647954141,0.5590086526086846
prune,1894,,0.6246938070470184,0.55898041575322
prune,160,,0.6251418895679367,0.5592932877195209
prune,2801,,0.6252622416850596,0.559312856604676
prune,1177,,0.6255027588602557,0.5594398731007589
prune,1961,,0.6255134934115746,0.5593613068606279
prune,2667,,0.6259038873800443,0.5596222265995345
prune,2811,,0.6261689086644372,0.5597709700975827
prune,1899,,0.6269350722718017,0.5603676723627489
prune,164,,0.6273555210759658,0.5606552405745443
prune,2718,,0.6274000723976497,0.5606067837657329
prune,1981,,0.6274821638005653,0.5605918319428481
prune,2532,,0.6276657267455428,0.560667494750728
prune,1547,,0.6279255314819103,0.5608112099028695
prune,2997,,0.6286644257636657,0.5613827650729555
prune,1546,,0.628747258742272,0.5613683364848927
prune,2955,,0.6290292226960242,0.5615316630703076
prune,2593,,0.6298381506509507,0.5621653649179665
prune,2641,,0.6304150838843726,0.5625918724432734
prune,797,,0.6305238085734861,0.56260043130073
prune,2938,,0.6306125317156055,0.5625910957915979
prune,2855,,0.6306130920424721,0.5625030589510392
prune,87,,0.6306631597687647,0.5624591484918353
prune,1404,,0.6307414691837355,0.562440385717904
prune,294,,0.6309419317622457,0.5625305096590125
prune,29,,0.6312579418860598,0.5627236012475932
prune,2711,,0.631318226839173,0.5626886532927462
prune,31,,0.6317198454908158,0.5629579049685248
prune,1530,,0.6317356474405789,0.5628832438411915
prune,774,,0.6321428358355896,0.5631572904707844
prune,1373,,0.6322671736151246,0.5631792656715334
prune,1444,,0.6323905517600136,0.5632003375371133
prune,306,,0.6328147554363901,0.563489285258324
prune,1089,,0.6333816861747286,0.5639052516567526
prune,1913,,0.6336663318827574,0.5640697931896264
prune,676,,0.6338243000146432,0.5641215006717636
prune,2619,,0.6341754078712962,0.5643450640312788
prune,2728,,0.6341838895929021,0.5642636433071333
prune,2603,,0.634649712817025,0.5645891229197103
prune,1484,,0.6349473675475558,0.5647649092875832
prune,2099,,0.6353492617760411,0.5650333519392079
prune,1192,,0.6353768063712156,0.564968783674334
prune,1712,,0.6354117503816847,0.564910755991661
prune,1333,,0.6355480255639953,0.5649427807568951
prune,981,,0.6356390251457463,0.5649345079105045
prune,934,,0.6362314083330968,0.5653718234591879
prune,2112,,0.6363709822964851,0.5654066471736363
prune,85,,0.6366462186043319,0.5655619603994767
prune,71,,0.6370202880604746,0.565805012246407
prune,653,,0.6370235656335174,0.5657186356738271
prune,551,,0.6374118383399132,0.5659741393078098
prune,2456,,0.6374585520982445,0.5659262749086942
prune,2246,,0.6375300148619789,0.565900342013553
prune,1516,,0.6375480322078126,0.565826922489251
prune,344,,0.6376053819699742,0.5657883737425861
prune,2785,,0.6377551801980967,0.5658318219418919
prune,775,,0.6382353128852167,0.5661683134394855
prune,1628,,0.6382919411606492,0.5661290191231944
prune,959,,0.6385824621611847,0.5662971420236247
prune,2364,,0.6386285494625901,0.5662484245084157
prune,940,,0.6387576867395407,0.566273306398375
prune,2224,,0.6393169343437713,0.5666794598288337
prune,2286,,0.6393817681916193,0.5666472607622259
prune,2907,,0.6395048619281092,0.5666666531802856
prune,771,,0.6395911225696682,0.5666533570212184
prune,2143,,0.6397159573176653,0.5666741921624454
prune,139,,0.6399051465161233,0.5667519873201062
prune,1710,,0.6404575600631165,0.5671514436561242
prune,2011,,0.6407165041943602,0.5672909173264886
prune,1822,,0.6410409420931444,0.5674883197868478
prune,1871,,0.6418137684734491,0.5680826140670071
prune,2394,,0.6418161618028557,0.5679948366509323
prune,1065,,0.6425692943031596,0.5685714444160079
prune,1677,,0.642736081102869,0.5686290942325879
prune,171,,0.6427679574954513,0.5685673292814054
prune,2488,,0.6429962279225847,0.568679254961606
prune,86,,0.6431482839151834,0.5687237122732436
prune,2902,,0.6433816165180213,0.5688399924743311
prune,2249,,0.6438706765699767,0.569182323400428
prune,527,,0.6438834761893399,0.5691035341154445
prune,2088,,0.6439986902780932,0.5691152306761776
prune,633,,0.6440881605958257,0.5691041270890089
prune,720,,0.64420394233859,0.5691162267014594
prune,1686,,0.6442849539600063,0.569097558605736
prune,2294,,0.644363666329575,0.5690768139590648
prune,942,,0.6445480525808639,0.569149355781531
prune,3056,,0.644775965513135,0.5692602791316245
prune,288,,0.6451276773971949,0.5694804482389734
prune,801,,0.6452831827882375,0.5695273377310368
prune,1496,,0.6453978023201165,0.5695380867774442
prune,1657,,0.645480935264292,0.5695209998625014
prune,2272,,0.6455711416391866,0.5695101083904165
prune,2115,,0.6455995056608145,0.5694446114044421
prune,1788,,0.6462966675476585,0.5699690105219932
prune,1524,,0.647039460992471,0.5705335503373682
prune,569,,0.6471857804891281,0.5705720078712669
prune,2351,,0.6472489125245687,0.5705370698822061
prune,2792,,0.6474401331785855,0.5706150011928794
prune,1905,,0.6474419901794816,0.5705259737562148
prune,909,,0.6477905177759583,0.570742410002806
prune,1294,,0.6480561662305995,0.5708857498905082
prune,2562,,0.6483381238967283,0.571043394398069
prune,2031,,0.6483594393033332,0.5709713934822853
prune,2105,,0.6484849497495537,0.5709911153117311
prune,1291,,0.648551616419184,0.5709589722415881
prune,1461,,0.6488138958612871,0.5710990031988044
prune,1935,,0.6490742898304551,0.5712373113789031
prune,1027,,0.6492338589555087,0.5712868180389669
prune,1410,,0.6497858943611606,0.5716816363230952
prune,634,,0.6498878993107805,0.5716804066959237
prune,849,,0.6502616087325529,0.5719181492375144
prune,1689,,0.65081195712788,0.5723111842675089
prune,248,,0.6508370670595074,0.5722422204448985
prune,1194,,0.6509448201607009,0.5722458826409736
prune,1882,,0.6509940985745524,0.5721980881639391
prune,2751,,0.6512467810861233,0.5723290440783232
prune,2176,,0.6515813385965747,0.5725318950625684
prune,2203,,0.6519257883376883,0.5727433688328881
prune,1924,,0.6522031265033938,0.5728958084587304
prune,1954,,0.6522868128592185,0.5728780703953564
prune,655,,0.6522963148404177,0.5727951288310899
prune,283,,0.6523544873287049,0.5727548882792972
prune,2828,,0.6523730989764315,0.5726798677452087
prune,1144,,0.6526656383685246,0.572845284490736
prune,881,,0.652715925689369,0.5727979986716178
prune,340,,0.652817885091151,0.5727960169312561
prune,146,,0.6529976843548748,0.57286228864013
prune,1943,,0.6530743026530981,0.5728379809401807
prune,52,,0.6533840189217358,0.5730180977853166
prune,116,,0.6534526193467001,0.5729866765388824
prune,1668,,0.6537153553805378,0.5731254487945847
prune,860,,0.6538148776022501,0.5731210568296695
prune,1439,,0.6538510258538522,0.5730610609279699
prune,1476,,0.654180275518264,0.573257922136024
prune,362,,0.6543279035185837,0.5732955498725022
prune,761,,0.6553152555295153,0.5740688973693113
prune,1930,,0.6557113075175485,0.5743240961432721
prune,201,,0.6560464616820625,0.5745258771808623
prune,209,,0.656300389957512,0.5746564514576009
prune,1744,,0.6563233639284404,0.574584728171279
prune,347,,0.6563825431071433,0.5745446611087702
prune,2329,,0.6565646888069149,0.5746121900421813
prune,1398,,0.6567793073911057,0.574708083912203
prune,1614,,0.6568361304941425,0.5746658334314202
prune,155,,0.6569794830261928,0.5746992468376066
prune,441,,0.6569858157818089,0.5746127412616947
prune,2894,,0.6570417813270067,0.5745696075146748
prune,1187,,0.6574378432219494,0.5748238528517123
prune,1529,,0.6574471849173784,0.5747398785105624
prune,2467,,0.657991793521988,0.5751238197886033
prune,2331,,0.6580469502097487,0.5750798375494428
prune,1667,,0.6580839560130661,0.5750199469870496
prune,1798,,0.658145152422947,0.5749811514612522
prune,728,,0.6582422901770498,0.5749737118380074
prune,358,,0.6586176663429556,0.5752092779529839
prune,2056,,0.6588394154064768,0.5753105907962212
prune,2174,,0.6589955685781728,0.5753545606113833
prune,2757,,0.6591724433132943,0.5754165686684368
prune,2621,,0.659382572395029,0.5755075511317166
prune,2799,,0.6594416057672702,0.5754665908167059
prune,2248,,0.6594737875304632,0.5754021512590067
prune,988,,0.659716802461676,0.5755216345124935
prune,257,,0.6598118735650261,0.5755119852810922
prune,3068,,0.6600035749445348,0.5755865763334307
prune,846,,0.6600109034020324,0.5755003094945047
prune,2946,,0.6600913730496116,0.5754777810608412
prune,3047,,0.6601874198811535,0.5754687860554486
prune,2669,,0.6604173352608222,0.5755764383764364
prune,2848,,0.6608623604714383,0.5758715157766625
prune,2014,,0.6611295037106096,0.5760114982411693
prune,2381,,0.6611860562079938,0.5759679274540302
prune,763,,0.6612390321407127,0.5759211951251113
prune,1646,,0.6612462920410539,0.5758345975979026
prune,652,,0.661405053513286,0.5758798987591314
prune,549,,0.6615824884242065,0.575941404584179
prune,2219,,0.6618061762153544,0.5760431214458598
prune,2051,,0.6620008930880235,0.5761195592682605
prune,505,,0.6620020729763545,0.5760274994718073
prune,401,,0.6621343881492802,0.5760495099652421
prune,2146,,0.6622478241269506,0.5760550419617897
prune,2610,,0.6622825179993596,0.5759920251210048
prune,1123,,0.6626172192086802,0.5761898979332517
prune,2107,,0.6628713225361629,0.576317610264218
prune,1538,,0.6628865782140727,0.5762375861858119
prune,876,,0.6630125699605728,0.5762537864939014
prune,2301,,0.6632590847113438,0.5763746923649139
prune,2879,,0.6632647290314039,0.5762862053365443
prune,1243,,0.6634387563319268,0.5763439869038812
prune,919,,0.6636860530849846,0.5764653661105356
prune,1319,,0.6638515636815184,0.5765156397232374
prune,902,,0.6639598536225073,0.5765161615088512
prune,1077,,0.6641564909832043,0.576593348775693
prune,2527,,0.6642604079477397,0.5765899762481363
prune,879,,0.6645994219982,0.5767906334956233
prune,354,,0.6647144695027161,0.5767968320008513
prune,2147,,0.664957719601348,0.5769142313224408
prune,55,,0.6649611528028724,0.5768234910228299
prune,1132,,0.6650405370579849,0.5767985968504938
prune,1212,,0.6651032561332227,0.5767591992017613
prune,286,,0.6651381244843227,0.5766956015217379
prune,2846,,0.6651725534452637,0.5766315780983401
prune,2311,,0.6654654696074156,0.5767916031803789
prune,1477,,0.6656533645176063,0.5768605277959984
prune,2054,,0.6656655993223098,0.5767771563491313
prune,2048,,0.666019004238822,0.5769893721408639
prune,778,,0.6661515819641616,0.5770101948084171
prune,2816,,0.6662855242264806,0.5770321457643277
prune,1423,,0.6664615013140399,0.577090448987977
prune,650,,0.6665363552732391,0.5770611265893955
prune,2551,,0.667028581911378,0.577393122045977
prune,2346,,0.6670369513897192,0.577306170161655
prune,1030,,0.667134295619503,0.5772961858620949
prune,114,,0.667143180492835,0.5772095990574706
prune,1346,,0.6673499294355216,0.5772941708141274
prune,2020,,0.6675318601066298,0.5773572115038987
prune,1493,,0.667792350692231,0.5774881453597767
prune,1179,,0.6680370815216926,0.57760538433614
prune,2566,,0.668058390274799,0.5775293700347532
prune,2552,,0.6681416674929073,0.5775068858816135
prune,2714,,0.6683881906142543,0.5776254617494445
prune,1503,,0.6683932793808965,0.5775353115606041
prune,2498,,0.6685317778109309,0.5775604001440914
prune,2925,,0.6686419170824308,0.5775609323375104
prune,2365,,0.6688990371094052,0.5776883792656982
prune,1325,,0.6689425941661284,0.5776313079787732
prune,941,,0.6694382400519239,0.5779645921923046
prune,2647,,0.669487871881568,0.5779126967329046
prune,1348,,0.6696516362639594,0.5779592813129633
prune,129,,0.6699581733486493,0.5781290396635751
prune,1434,,0.67014606567301,0.5781963393796893
prune,1329,,0.670689169208141,0.5785700716359667
prune,122,,0.6707189771628899,0.5785008914599796
prune,1762,,0.6711837966096215,0.5788068900306593
prune,1843,,0.6714560990047571,0.5789467741148917
prune,18,,0.6715104610548891,0.5788986659564012
prune,2999,,0.6717766667586766,0.5790331484716881
prune,1490,,0.6719314776201104,0.5790715426624136
prune,2585,,0.6720478842934229,0.5790767814177847
prune,2149,,0.6720780036773061,0.5790076120249463
prune,2349,,0.6721020763329543,0.5789331872753719
prune,2097,,0.6722067851357965,0.5789281797560787
prune,3053,,0.6722541403561322,0.5788737219267985
prune,2122,,0.6722710138433039,0.5787929675600174
prune,462,,0.6723319352152655,0.5787500940111174
prune,1999,,0.6723493425600982,0.578669712274195
prune,156,,0.6725103610230947,0.5787128949378554
prune,840,,0.6727999680065762,0.5788666807186502
prune,2465,,0.67285583326152,0.5788192773565913
prune,897,,0.6729400084664334,0.5787961806660685
prune,2668,,0.6730820117048267,0.5788227741745721
prune,1780,,0.6731852409213517,0.5788159655852935
prune,43,,0.6735249542494659,0.5790124500276331
prune,3069,,0.6736638041324143,0.5790361729580848
prune,647,,0.6737545699928029,0.579018507738987
prune,1252,,0.6740232192034818,0.5791536717801345
prune,117,,0.6746527666506955,0.5795988892493543
prune,1321,,0.6746658914006697,0.5795144014629225
prune,726,,0.6748568581499986,0.5795826384918633
prune,2688,,0.6749318445041308,0.5795512021281322
prune,371,,0.6752197766040452,0.5797025793822955
prune,1250,,0.6752427127100066,0.5796263638190214
prune,275,,0.6755411434846706,0.5797866011129423
prune,2936,,0.6756637870717347,0.579795888577298
prune,966,,0.6760935279744305,0.5800686621986874
prune,233,,0.6760976932211681,0.5799761995392549
prune,2455,,0.6762531539545621,0.580013486420933
prune,2058,,0.6764605312140408,0.5800952466060055
prune,2842,,0.67657127975148,0.5800940758594438
prune,1415,,0.676609775861273,0.5800308979858653
prune,2002,,0.6766769185088983,0.579992231748362
prune,1572,,0.676683021785405,0.5799011942149529
prune,2075,,0.6771177772023464,0.5801774799011732
prune,2944,,0.6772693395846383,0.580211018413144
prune,1701,,0.6772952224201106,0.5801368239256799
prune,90,,0.6773613833208457,0.580097085245162
prune,2242,,0.677517601451964,0.5801344269953879
prune,522,,0.6775554825910616,0.5800703764461093
prune,50,,0.6777482572860035,0.5801388944522363
prune,1500,,0.6779101756846913,0.5801809370456795
prune,1911,,0.6779931389257355,0.5801553438731696
prune,174,,0.678098550141568,0.5801489087680034
prune,2363,,0.6781570325179035,0.580102267233044
prune,1528,,0.6783109518546743,0.5801372189255358
prune,998,,0.6785220965689104,0.5802210585987179
prune,578,,0.6786029927890396,0.5801934492472288
prune,2221,,0.6787584892595548,0.5802295740713941
prune,1992,,0.6788482557930988,0.5802094483785362
prune,2584,,0.6788771326504562,0.5801372245190048
prune,1980,,0.6791112837959997,0.5802403825389884
prune,1922,,0.6794463486891685,0.5804297025089875
prune,1166,,0.679463295682675,0.5803471726090753
prune,1873,,0.6795876102887907,0.5803563076748081
prune,1248,,0.6801866579614032,0.5807708269411398
prune,342,,0.6803603774923266,0.5808220629888464
prune,2558,,0.6804777162667968,0.580825103586599
prune,2039,,0.6805721385922697,0.5808085271516823
prune,224,,0.6806311431034056,0.5807616694205127
prune,2142,,0.6808565373361876,0.5808567458175243
prune,2264,,0.6811771196147574,0.5810329700134785
prune,567,,0.6816035646753599,0.5812994260724064
prune,832,,0.6816946830652669,0.5812798007597827
prune,1636,,0.6821516965022166,0.5815721405870617
prune,571,,0.6821613131089309,0.5814829398001055
prune,1675,,0.6823075000670914,0.5815101147136925
prune,2141,,0.6827544937404378,0.5817936167740377
prune,1174,,0.6829191847881945,0.5818364610671781
prune,955,,0.6829422222039632,0.5817585509763268
prune,1188,,0.6830816218047142,0.5817797220114048
prune,2273,,0.6831478958007341,0.5817385503032789
prune,1878,,0.683258977511006,0.5817354860138642
prune,1215,,0.6834281504750346,0.5817818293229179
prune,2992,,0.6834559432109742,0.5817077516054067
prune,100,,0.6838297752213941,0.5819281684831547
prune,494,,0.6839863763652584,0.5819636349728305
prune,1019,,0.6840946648443719,0.5819579329697784
prune,510,,0.6841104746703254,0.5818734991473477
prune,1328,,0.6841197962378068,0.5817834991149465
prune,2012,,0.6842090126539112,0.5817614003781555
prune,1044,,0.6843274368630501,0.5817640840485777
prune,2472,,0.6845436460210553,0.5818498463831064
prune,2445,,0.6846281533662958,0.581823592310618
prune,2080,,0.6847311268750202,0.5818129791365678
prune,2698,,0.6848381605469538,0.5818057610430709
prune,1091,,0.6848869960397251,0.5817490418492848
prune,1540,,0.6850125629028563,0.5817574528553167
prune,2398,,0.6852457243002344,0.581857189074315
prune,210,,0.6853905677556139,0.5818818610669547
prune,1601,,0.6854167868748676,0.5818057579840973
prune,2306,,0.685442769684994,0.5817294057168896
prune,2523,,0.685703058561865,0.5818518715654016
prune,2503,,0.6860922797121223,0.5820836807997508
prune,3034,,0.6861213260270728,0.5820098154937837
prune,2009,,0.6861338715686268,0.5819219033122044
prune,750,,0.6863217218939359,0.5819826324188215
prune,848,,0.6866354035343485,0.5821500073353781
prune,407,,0.6867563878140853,0.5821539228830206
prune,2553,,0.6867786580287418,0.582074097145103
prune,1987,,0.6868749245675242,0.5820569420268529
prune,910,,0.6868894130137201,0.5819704285529935
prune,1604,,0.6871272323395012,0.5820730978929207
prune,2932,,0.6872318715822059,0.5820628738585664
prune,2749,,0.6873004256386193,0.58202202887818
prune,1858,,0.6874236965165827,0.5820274696464047
prune,180,,0.6875337079408754,0.5820216255123388
prune,900,,0.6875493168702155,0.5819358044584271
prune,2006,,0.6878023230157145,0.5820508794690201
prune,410,,0.6879134310691072,0.5820457964563008
prune,2043,,0.6879859966750927,0.5820080436268764
prune,1823,,0.6883497087181489,0.5822165518726506
prune,1544,,0.6883898243957334,0.5821512602002371
prune,1749,,0.6885086408353747,0.5821524772844578
prune,1865,,0.6885819693683494,0.5821151729713834
prune,2696,,0.6886592292657642,0.5820811387499155
prune,921,,0.6886649026454773,0.5819865387824148
prune,678,,0.6887324534423437,0.5819441867609155
prune,153,,0.6887978201204928,0.5818999358892978
prune,671,,0.6891902778941658,0.5821319786986673
prune,1834,,0.6892655109566218,0.5820959744372097
prune,176,,0.689370583807793,0.5820851180119622
prune,1158,,0.6893721914165837,0.5819868358699914
prune,1759,,0.6894687821039408,0.5819686987599625
prune,110,,0.6898859620570013,0.5822211276902027
prune,498,,0.6899502440052829,0.5821756282594448
prune,924,,0.6899634110345445,0.582086942190101
prune,2210,,0.6900629178856389,0.5820710526920133
prune,2234,,0.690145449881105,0.5820407874010802
prune,658,,0.6901560965694935,0.5819498378461181
prune,312,,0.6903690081207876,0.5820294037786222
prune,1124,,0.6904562500023455,0.5820029476737489
prune,2358,,0.6911601382582917,0.5824962579436154
prune,2823,,0.6914942661055298,0.5826778107068217
prune,1056,,0.6915748421289957,0.5826456199212177
prune,1251,,0.6916711363083075,0.5826266173740412
prune,1893,,0.6916921429668903,0.5825441358609253
prune,293,,0.6917420423393771,0.5824859395482196
prune,1735,,0.6920434326210887,0.5826394747211932
prune,1296,,0.692083883783193,0.5825732326662875
prune,1432,,0.6921368505572957,0.5825174747909182
prune,384,,0.6921920810962581,0.5824635693771747
prune,1695,,0.6923124733413328,0.5824644466205146
prune,461,,0.6923351530095003,0.5823830506717644
prune,2514,,0.6926071089757962,0.5825113065315949
prune,67,,0.692632163362999,0.5824318214753209
prune,186,,0.6926352842497095,0.5823338407065539
prune,2450,,0.6928547621548701,0.5824177259656097
prune,1414,,0.6929135593787683,0.5823664650707088
prune,98,,0.692925834719924,0.5822760479597845
prune,1195,,0.6931069227066606,0.582327446652068
prune,2166,,0.6931868969023132,0.5822938222051938
prune,1964,,0.6933747203965617,0.5823507442396112
prune,2844,,0.6934291805050272,0.5822955842628496
prune,885,,0.693679335511812,0.5824047134766869
prune,2850,,0.6938144861355918,0.5824172089631048
prune,2967,,0.6939291939985971,0.5824124819982437
prune,2396,,0.6941637580569318,0.5825082978387454
prune,1069,,0.694457802191634,0.5826539603047846
prune,2994,,0.6944677393234711,0.582561164195319
prune,130,,0.6946860156113956,0.5826430975689472
prune,550,,0.6949073567620445,0.5827275334048557
prune,2285,,0.6950341263332234,0.5827325904488737
prune,766,,0.6952302029305883,0.5827956998079397
prune,367,,0.6954231402724355,0.5828561109978213
prune,1394,,0.695549974297468,0.5828610488958669
prune,61,,0.6955701282331306,0.58277652378122
prune,1339,,0.6956899674467452,0.5827754736596327
prune,2556,,0.69594726263564,0.5828895176791263
prune,2064,,0.6959842896629979,0.5828189916633706
prune,662,,0.6960163586310005,0.582744260761163
prune,2448,,0.6962000359653602,0.5827964214300249
prune,1449,,0.69666310025895,0.5830824104248612
prune,579,,0.6966912865225373,0.5830043063543897
prune,440,,0.6969585948527101,0.5831262659163712
prune,74,,0.6970300675794412,0.5830842906359298
prune,2545,,0.6973215144133152,0.583226286412901
prune,2602,,0.6973393439765029,0.5831393427005155
prune,2867,,0.6975412496066858,0.583206289149254
prune,821,,0.6980112246318771,0.5834973134977886
prune,968,,0.6982434591330456,0.583589495503312
prune,1786,,0.6982824707249876,0.5835201008917555
prune,2736,,0.6982878835883447,0.5834225741177167
prune,1456,,0.6983751761538926,0.5833934124887658
prune,1408,,0.6984345973559072,0.5833409089415523
prune,406,,0.6984707132724138,0.5832688838615336
prune,2178,,0.6985979614521771,0.5832729122200383
prune,1570,,0.698824561127279,0.5833598355187004
prune,2918,,0.6991095618181191,0.5834954437240426
prune,861,,0.6992926881905625,0.583545943679672
prune,2487,,0.6995644948506017,0.5836703844388673
prune,1334,,0.6996449591009014,0.5836350963192783
prune,1462,,0.6997588281625757,0.5836276185823351
prune,1996,,0.6997708762197142,0.5835351515212338
prune,1209,,0.700025595327444,0.583645009264946
prune,2018,,0.7006825915115894,0.5840902156918568
prune,2776,,0.7009042967202265,0.5841724291700103
prune,1499,,0.7011465154924609,0.5842716710476241
prune,138,,0.7011866371596729,0.5842024198181796
prune,717,,0.7014207312729833,0.5842947364396782
prune,2282,,0.7014233715021473,0.5841941633411031
prune,2223,,0.7014409514378978,0.5841059828968462
prune,2197,,0.7014995682003667,0.5840519247921556
prune,48,,0.7015080124521185,0.5839560352408273
prune,803,,0.701512759136844,0.5838570158219424
prune,2344,,0.7017029975087131,0.5839123375300324
prune,2052,,0.7019074731604396,0.5839794397526717
prune,1460,,0.7019584064973661,0.5839187183502234
prune,2991,,0.7022015950176151,0.5840178787738692
prune,2892,,0.7022450657723991,0.5839508505350162
prune,1853,,0.702264905161088,0.5838641152523587
prune,1939,,0.702349073548093,0.5838308140250442
prune,1598,,0.7024900099320077,0.5838446461406979
prune,1631,,0.702502186428581,0.5837513936233996
prune,1594,,0.7028068009484326,0.5839011103811691
prune,2934,,0.7030008890310351,0.5839589156111925
prune,2533,,0.7030129288009647,0.58386542019043
prune,2337,,0.7030695231225872,0.5838088782400193
prune,56,,0.703076964825889,0.5837114619161993
prune,1746,,0.7030901602567563,0.5836187705748519
prune,2484,,0.7031495694875726,0.583564390180176
prune,501,,0.7031692736319037,0.5834769981113832
prune,2340,,0.7032538223002944,0.5834433632304279
prune,1469,,0.7033398682291299,0.5834109113901791
prune,1068,,0.7035492521621661,0.5834807146524772
prune,334,,0.703565416147001,0.583390191311021
prune,1639,,0.7037222850161113,0.5834162942255376
prune,599,,0.7037766717122258,0.5833573630914821
prune,88,,0.7039420224579482,0.5833903593478451
prune,741,,0.7040480914641505,0.5833741558207814
prune,2374,,0.7043310650150277,0.5835044844045629
prune,2281,,0.7045069535272275,0.5835460146612274
prune,2175,,0.7046763274980307,0.5835820807880262
prune,2987,,0.7049576965746084,0.5837108358326766
prune,1750,,0.7052037429294383,0.5838102641542732
prune,1018,,0.7054967636154157,0.5839485094494027
prune,1004,,0.7055003028933216,0.5838470518780844
prune,398,,0.7055507565387619,0.5837843690650483
prune,2817,,0.7055626439928706,0.5836897167508743
prune,1640,,0.705625565531656,0.5836372328350913
prune,2606,,0.7058974842814615,0.5837575691196148
prune,1682,,0.7059368319177037,0.5836854850601924
prune,2335,,0.7060753225499659,0.5836953246178657
prune,2537,,0.7061752138362666,0.5836731878021124
prune,2414,,0.7061925852885297,0.5835827796006242
prune,500,,0.7064799974417403,0.5837154892045713
prune,1847,,0.7066174124018089,0.5837241792892244
prune,1642,,0.7068053697454024,0.5837745595419109
prune,2393,,0.7068505355185278,0.5837069253031943
prune,2167,,0.7069119465280028,0.5836526501751665
prune,3022,,0.7070156349791871,0.5836332249621169
prune,2878,,0.7071404423541846,0.5836311722051967
prune,2646,,0.7071688724112154,0.5835495054949119
prune,1758,,0.7073897367776023,0.5836265897308486
prune,856,,0.7074948498333798,0.5836080945034101
prune,23,,0.7076607839337126,0.5836397112595479
prune,1622,,0.7079690816054689,0.5837886821812321
prune,495,,0.7079832092608435,0.5836949832859855
prune,1268,,0.7079833844662797,0.5835897258914589
prune,162,,0.7080382411207682,0.5835294922073659
prune,1023,,0.7081293157543793,0.5834990514032514
prune,2160,,0.7081392267814315,0.5834016652804267
prune,2826,,0.7083284878747347,0.5834519933168982
prune,812,,0.7084902753991031,0.5834796191963572
prune,2057,,0.7088685837836886,0.5836855064945403
prune,1283,,0.7088712334935707,0.583581964884401
prune,2098,,0.708876220508955,0.5834802936656507
prune,603,,0.7091510457035779,0.5836006898422569
prune,2440,,0.7091548665881998,0.583497966589499
prune,207,,0.7091639475868601,0.5833995175244323
prune,2028,,0.7092771563525126,0.5833866815461379
prune,1218,,0.709418608337025,0.5833970134793142
prune,1033,,0.7096409595307718,0.5834738118278193
prune,2923,,0.7097551493880643,0.5834615984356605
prune,693,,0.7097861861026311,0.5833809588469933
prune,2893,,0.7099280596913815,0.5833913670196215
prune,433,,0.7100026587136573,0.5833464206352078
prune,2723,,0.7106338955255473,0.5837587868413995
prune,2594,,0.710930414576946,0.5838960642949126
prune,285,,0.7110417267105481,0.583881137020533
prune,1232,,0.7110435294340727,0.5837762137453819
prune,281,,0.71105497878895,0.5836791564730814
prune,2318,,0.7111665193058934,0.5836642109228981
prune,1869,,0.7111823599097025,0.5835706528585002
prune,2063,,0.7112445679022565,0.5835150890113076
prune,2444,,0.7113160596387,0.5834670820463052
prune,1945,,0.7114641060302953,0.5834818136527884
prune,1920,,0.7115789439981799,0.583469240561975
prune,2689,,0.7118055335693513,0.5835482414433099
prune,2152,,0.7118355597036067,0.5834660098506399
prune,2722,,0.712013575517217,0.5835050314416877
prune,1573,,0.7120577275885452,0.5834342708721992
prune,2405,,0.7122504286372521,0.5834851759787295
prune,1993,,0.7123388514283611,0.5834505763176447
prune,1770,,0.7123767976689538,0.5833745671303758
prune,2784,,0.7125235905753089,0.5833876419364633
prune,1361,,0.7126170479648346,0.5833569760429778
prune,2626,,0.7127610991502098,0.5833676662861325
prune,531,,0.7128092551375371,0.5832997959830138
prune,1861,,0.7128144453086546,0.5831967040642457
prune,2114,,0.7132622361704557,0.5834557014771843
prune,1487,,0.7134477594035522,0.5835000497403138
prune,1273,,0.7135270321744385,0.583457421476251
prune,413,,0.7136972355081685,0.5834890908087367
prune,418,,0.7137088051012951,0.5833909873446825
prune,936,,0.7139675895760365,0.5834949175156903
prune,2643,,0.7141551886570334,0.5835405876518345
prune,6,,0.7142076461044892,0.5834757519474153
prune,1163,,0.7142233840524023,0.5833808553691179
prune,1299,,0.7142760618017479,0.5833160764256679
prune,2511,,0.7144545298524376,0.583353971593463
prune,990,,0.7145179029888593,0.583297812488723
prune,2415,,0.7146688001856861,0.5833130474225539
prune,182,,0.714718695976987,0.5832457692158745
prune,2684,,0.7148126325993659,0.5832143726284239
prune,143,,0.7149563689734997,0.5832235459966674
prune,319,,0.7149807285391145,0.5831352617179024
prune,3071,,0.7151879822239947,0.5831960977901278
prune,1579,,0.7152029562882992,0.5831000538504753
prune,1084,,0.7152170918375261,0.5830032686125791
prune,1509,,0.715296960328962,0.5829600114182932
prune,1045,,0.7154958576263996,0.5830137050913963
prune,241,,0.7155647377867951,0.5829613733975245
prune,937,,0.7158045795067153,0.5830482694800041
prune,91,,0.7158468598745513,0.5829741545210633
prune,1156,,0.7158554313566533,0.5828725251504723
prune,47,,0.7158737319930532,0.5827787607849091
prune,1426,,0.7158870796870118,0.582680905718764
prune,1994,,0.7158884014721683,0.5825732037967607
prune,1458,,0.715899723913238,0.5824735839312961
prune,1143,,0.716078625005399,0.5825102624324792
prune,192,,0.7163119512439885,0.5825911443078209
prune,1052,,0.7163707467413409,0.5825299879482749
prune,382,,0.7165856168774501,0.5825956936064287
prune,2239,,0.7166139990569524,0.5825096935807514
prune,203,,0.7166320392844385,0.5824152266956235
prune,836,,0.7166493726536488,0.5823201265628961
prune,1488,,0.7167586102922238,0.5822996509070102
prune,1588,,0.7168437386128245,0.5822595199741186
prune,1422,,0.7168671343995211,0.5821691777266739
prune,2490,,0.7168804916595958,0.5820706231440714
prune,32,,0.7169076831408445,0.5819832435324853
prune,268,,0.7172262849749215,0.5821323874675585
prune,1016,,0.7173048105933446,0.582086573650948
prune,2068,,0.7173328723799027,0.5819997411048988
prune,2686,,0.7174725308933206,0.5820033978541792
prune,1475,,0.7176368418351445,0.5820269832527415
prune,3063,,0.7177614347682887,0.5820182807923953
prune,1907,,0.7177962831627537,0.5819367316683097
prune,1313,,0.7178032688943163,0.5818325309093159
prune,1774,,0.7178692090143373,0.5817760621560314
prune,339,,0.7179082068407154,0.5816976932411502
prune,1082,,0.7181405862256253,0.5817759652090632
prune,2659,,0.7182156372896528,0.5817266942376476
prune,2865,,0.7182345070265719,0.5816318502453137
prune,109,,0.7184685700064327,0.5817112245203817
prune,1211,,0.718723325935363,0.5818072742537583
prune,1713,,0.7188565887582321,0.5818048860008674
prune,2479,,0.7189850435051169,0.5817985354371333
prune,2731,,0.7190482146241728,0.5817392835932754
prune,2457,,0.7190821187661633,0.5816562876321631
prune,388,,0.7191453529829068,0.5815969566499787
prune,1324,,0.7193924531411102,0.5816862709506906
prune,547,,0.7194464846570607,0.5816193806744087
prune,1564,,0.7196887041534947,0.5817045742429089
prune,1405,,0.7197079164916631,0.5816094226425135
prune,2271,,0.7197130153454769,0.5815028044333898
prune,2863,,0.7197946070186081,0.5814579352023818
prune,850,,0.7198038126872767,0.5813545210731923
prune,2338,,0.7198686611512887,0.5812959909623842
prune,2733,,0.719953475527488,0.5812535196832332
prune,1481,,0.7199952868959817,0.5811762605751044
prune,1437,,0.7201566668636036,0.5811954609079356
prune,417,,0.7201853834180292,0.5811075144083835
prune,723,,0.7203633439531631,0.5811399380128165
prune,912,,0.720378885237876,0.5810412472831172
prune,1969,,0.7205598903848036,0.5810759652762527
prune,1282,,0.7205698999427812,0.5809727020164261
prune,403,,0.7206250336939812,0.5809057635166016
prune,828,,0.7206307063769108,0.580798886339885
prune,1198,,0.7206515714539014,0.5807041946858394
prune,2458,,0.7209120488521019,0.5808025366540148
prune,1982,,0.7209747030663641,0.5807414064753802
prune,2701,,0.7214258052089562,0.580993126902133
prune,2247,,0.7219324266902742,0.5812894603288505
prune,2241,,0.7222880944248203,0.5814641314359397
prune,931,,0.7224336574719356,0.5814695559080577
prune,1880,,0.7230235308544553,0.5818325485213129
prune,3017,,0.7230327862601899,0.5817281549599322
prune,2664,,0.723074578322325,0.5816498805633498
prune,2805,,0.7230827319086303,0.5815444811047953
prune,469,,0.723093414820246,0.5814410553151882
prune,2538,,0.7231638951935296,0.5813856554050278
prune,2411,,0.723459787810655,0.5815114219472688
prune,1673,,0.7235742324108844,0.5814912429187882
prune,1029,,0.7235774011694994,0.5813815607641947
prune,2930,,0.7236570479063473,0.581333271408715
prune,1080,,0.7238234468191934,0.5813546098414367
prune,2348,,0.724307913822589,0.58163135475353
prune,1203,,0.7243502336176232,0.5815529150849295
prune,1433,,0.7244299882524797,0.5815044682244132
prune,519,,0.7246164204424564,0.5815415905087651
prune,273,,0.724671476123079,0.5814731902800678
prune,630,,0.7246878418431771,0.5813736772301165
prune,1042,,0.7249469979279659,0.5814688928371439
prune,2327,,0.7249961057839894,0.5813955339454429
prune,1926,,0.7250298183954305,0.5813097627918328
prune,2906,,0.7251080498468055,0.5812596243330694
prune,530,,0.7251141522229059,0.5811515932331908
prune,854,,0.7251784086172355,0.5810901123877622
prune,1455,,0.7252455652554874,0.5810308885926314
prune,252,,0.7252736341365907,0.5809402798171864
prune,1147,,0.725283497817777,0.5808350239137386
prune,2428,,0.7253056638063756,0.5807395588399117
prune,1818,,0.7253853049419458,0.5806900532615091
prune,3024,,0.7254958132239117,0.5806651906225635
prune,1563,,0.7256580500347442,0.580681661160195
prune,2050,,0.7257260203578205,0.5806226157368101
prune,115,,0.725755905943339,0.5805330301023004
prune,2862,,0.7258055021114037,0.5804591478407417
prune,560,,0.7258721275580213,0.5803988193915589
prune,649,,0.7259856004661065,0.5803758844458443
prune,22,,0.7260805487105999,0.5803380666149514
prune,1064,,0.7261857053260857,0.5803083378494104
prune,3027,,0.7262145572106872,0.5802175561022963
prune,1720,,0.7262570714408765,0.5801376262940927
prune,788,,0.726374075723425,0.5801171380087323
prune,657,,0.7263999433268579,0.5800237849138956
prune,183,,0.7264136105174548,0.5799206247210053
prune,1014,,0.7265696899899536,0.5799311022815863
prune,361,,0.7266351951332322,0.579869202863901
prune,1651,,0.7266894355846321,0.5797982448474294
prune,1085,,0.7267195671162872,0.57970798234636
prune,3045,,0.7268470700848245,0.5796953342122642
prune,2628,,0.726873180767595,0.5796017401099856
prune,737,,0.7268963621950051,0.5795057452031727
prune,471,,0.7269499952100382,0.5794339644814951
prune,1376,,0.7269553425846614,0.5793236259090989
prune,2091,,0.72723603663456,0.5794326693854819
prune,349,,0.7274075516963218,0.5794546268292172
prune,1391,,0.728127699053464,0.5799135795062392
prune,1092,,0.7281459850632486,0.5798133632504653
prune,714,,0.7281665316061487,0.5797148826342863
prune,509,,0.7283400700615373,0.5797381477527772
prune,2544,,0.7283456224947926,0.5796276108386024
prune,2116,,0.7284338512029146,0.5795828103511182
prune,420,,0.7287022356365944,0.5796812910265278
prune,949,,0.7292695467843471,0.58001749600046
prune,1751,,0.7293160351358866,0.5799393197430764
prune,3000,,0.7293326306578732,0.5798373037227131
prune,1820,,0.7293373346877449,0.5797257681163194
prune,916,,0.7294917898487215,0.5797332099102792
prune,33,,0.7295450296924928,0.579660130490739
prune,2564,,0.7295469431493623,0.5795461979883555
prune,2549,,0.7295608488347016,0.5794417291056968
prune,270,,0.7296444200905889,0.5793925302649156
prune,1047,,0.729664108433823,0.5792925279785489
prune,137,,0.7301565997676814,0.5795678546515307
prune,279,,0.7307079070286444,0.5798897583950485
prune,748,,0.7307090071936885,0.579774866821913
prune,1596,,0.7307451067306393,0.5796876833834073
prune,1265,,0.7308297223447838,0.5796389224177372
prune,449,,0.7308783204669008,0.579561520671705
prune,59,,0.730952625783173,0.5795044366191481
prune,2587,,0.7310503486013221,0.5794658481601954
prune,2480,,0.7312030241002662,0.579470747403322
prune,3011,,0.73147196505479,0.579567713556987
prune,2750,,0.7315312917315923,0.5794984925032121
prune,1372,,0.7317358019931387,0.5795442203814527
prune,2575,,0.7320301246114791,0.579661001677894
prune,2466,,0.7320774953300468,0.5795821247805153
prune,1548,,0.7320967818984258,0.5794809429535493
prune,223,,0.7321209788391381,0.5793835817186466
prune,1582,,0.732130242765755,0.5792743349616006
prune,2995,,0.7326155802607264,0.5795417290642492
prune,568,,0.7327632214621618,0.5795418525902426
prune,96,,0.7327777182663017,0.5794365849006535
prune,3037,,0.7328515993464811,0.5793782120276709
prune,1134,,0.732933365321089,0.5793260010479202
prune,408,,0.7329771211605791,0.5792436706954627
prune,230,,0.7330702754005846,0.5792003116098503
prune,687,,0.7332176095593375,0.5791996891075518
prune,2942,,0.7332271033693994,0.5790900925881106
prune,2317,,0.7333113532913167,0.5790394755071054
prune,1696,,0.733322378935376,0.5789309608099293
prune,366,,0.7333411086746676,0.5788284622693711
prune,2053,,0.7333889202762509,0.5787488526440995
prune,427,,0.7334236221621585,0.5786588265869282
prune,1734,,0.7334266195016331,0.5785437153311627
prune,1258,,0.7334964904738271,0.5784812936936871
prune,1309,,0.7335448124001751,0.5784018032300678
prune,594,,0.7335799909259408,0.5783118778718197
prune,1173,,0.7335885714198539,0.5782009133378456
prune,2642,,0.7336410419985671,0.5781244781450185
prune,2601,,0.7339544754361428,0.5782536315664776
prune,798,,0.7339912091240167,0.578164670204921
prune,133,,0.7340465184456798,0.5780902723131348
prune,1543,,0.7342760057513509,0.5781529851535435
prune,256,,0.7344679034929762,0.5781860092688492
prune,448,,0.7345810498517121,0.5781569486740625
prune,355,,0.7346265354805928,0.5780745535631725
prune,2872,,0.7346723831925464,0.5779923725282501
prune,255,,0.7348643087023609,0.578025053720875
prune,610,,0.7351220671128808,0.5781094354331908
prune,2211,,0.7351326495658357,0.5779993274729734
prune,2939,,0.7351439620760196,0.5778897259805639
prune,332,,0.7352410432980353,0.577847483849348
prune,1887,,0.735453603539752,0.5778959304338898
prune,697,,0.7354924554939835,0.5778077839346948
prune,1034,,0.7355932979813802,0.577768270587705
prune,1610,,0.7356262234071235,0.5776753309695514
prune,2590,,0.7358734856340365,0.577750649073274
prune,2866,,0.7358875728576193,0.5776427902487293
prune,2534,,0.736009767330531,0.5776197293444374
prune,2407,,0.7360630126244572,0.5775424735367568
prune,2137,,0.7361822948507396,0.5775169641139288
prune,699,,0.7362378342589568,0.5774413668217517
prune,385,,0.7363416745346592,0.5774035824804001
prune,249,,0.7365564160621586,0.5774526901663346
prune,1323,,0.736615789160702,0.5773798919600305
prune,1474,,0.7366366895661336,0.5772768619660412
prune,815,,0.7366846902527603,0.5771950014860202
prune,1791,,0.7368865666439484,0.5772336397706529
prune,1932,,0.7368938532956508,0.577119747940221
prune,328,,0.7370973949736719,0.5771595021008566
prune,1128,,0.7372296038932253,0.5771433085631223
prune,899,,0.7372800385952134,0.5770630114295909
prune,2059,,0.7374197631342466,0.57705253291407
prune,2637,,0.7374451352845066,0.5769524811546695
prune,54,,0.7376250315881385,0.5769732624534986
prune,473,,0.7376279513203156,0.5768555148045622
prune,14,,0.7376457799940073,0.5767493590058995
prune,983,,0.7376658714935264,0.5766449025502023
prune,622,,0.7377444170517029,0.5765860736489427
prune,1129,,0.7383022377551758,0.5769017753425453
prune,151,,0.738322754873323,0.5767974754814574
prune,1663,,0.7385031652398398,0.5768180273676728
prune,1898,,0.738602953022949,0.576775515839203
prune,236,,0.7386093556543307,0.5766599952898019
prune,2836,,0.7386710451421118,0.576587573200853
prune,1851,,0.7386919124978948,0.5764832088466173
prune,2699,,0.7388288939893428,0.5764693971210119
prune,271,,0.7390241245005248,0.5765009543438719
prune,184,,0.7390975040668734,0.5764373610923453
prune,1131,,0.7392380536501496,0.5764260824366938
prune,1269,,0.739416578546284,0.5764443338046934
prune,1836,,0.7395209355124192,0.57640467217813
prune,1162,,0.7395269267275012,0.576288255440909
prune,1224,,0.7396561536474396,0.5762678095042767
prune,1900,,0.7398786680722185,0.5763199667289098
prune,705,,0.7400987872486348,0.5763701653669697
prune,2179,,0.7402540489789602,0.5763697583233531
prune,2764,,0.7405067853972757,0.576445166095141
prune,1520,,0.7405441040674108,0.5763527737805201
prune,1671,,0.7405824756938911,0.5762611274462515
prune,213,,0.740617173019398,0.5761665480946864
prune,1058,,0.7406943147796218,0.5761049176532844
prune,2900,,0.7407001602351979,0.5759877514523676
prune,1054,,0.740992788553754,0.5760935414615861
prune,2237,,0.7411737306437919,0.5761123923033538
prune,997,,0.7412150783988645,0.576022639470399
prune,1699,,0.7413814155573248,0.5760299529060418
prune,679,,0.7414838365254273,0.5759875139642265
prune,548,,0.7415095435144325,0.575885397703214
prune,1369,,0.7415441244370993,0.5757901007644699
prune,643,,0.7416773288605107,0.5757713142160772
prune,123,,0.741679091151014,0.5756503955575788
prune,1112,,0.7419605719604178,0.5757465247390783
prune,1827,,0.7419733018484427,0.5756339923327763
prune,1722,,0.7419742168972464,0.5755122210903469
prune,758,,0.7421942911890412,0.5755603827546988
prune,1365,,0.7423148110734145,0.5755312414461752
prune,1006,,0.7423403514591453,0.5754283713985179
prune,1589,,0.742348298670666,0.5753117892423348
prune,1200,,0.7424561304611718,0.5752725505602235
prune,1109,,0.7427327966599248,0.57536405611123
prune,2766,,0.742911276659109,0.5753793945004613
prune,1721,,0.7431793425668515,0.575464031549778
prune,2800,,0.7432679453756911,0.5754095949938142
prune,535,,0.7436503463724788,0.5755825422510249
prune,2416,,0.7436852466207413,0.5754863925675023
prune,1213,,0.7437273258409253,0.5753957233838618
prune,824,,0.7437318993726001,0.5752759590909031
prune,2883,,0.7437343428611453,0.5751544749626177
prune,3025,,0.7438097057800133,0.5750893141737954
prune,873,,0.7438595636695846,0.5750043523846615
prune,2202,,0.7441450245406419,0.575101448630581
prune,3004,,0.7442239449350844,0.5750388084538245
prune,1108,,0.7442335981694503,0.5749225631640446
prune,40,,0.7442599166195683,0.5748191196965684
prune,1076,,0.7443521347366381,0.5747665018647945
prune,2418,,0.7444367369928768,0.5747079207255814
prune,1816,,0.7444405044174363,0.5745868486918468
prune,450,,0.7444838990123102,0.5744962919808337
prune,905,,0.7445057502689486,0.5743890325816555
prune,2882,,0.7445940148690646,0.5743329403953106
prune,1727,,0.7446663765255965,0.5742644986672985
prune,265,,0.7447284260184814,0.5741880234695506
prune,2034,,0.7449165726645745,0.5742086975363117
prune,1940,,0.745006814195141,0.5741538039095775
prune,2815,,0.7451519665247053,0.5741411489307614
prune,3041,,0.7455019385875901,0.5742862312637284
prune,2042,,0.7456971146992846,0.574311948822749
prune,3038,,0.7457177738137429,0.5742031545608501
prune,2309,,0.7459379719043239,0.5742479417380283
prune,154,,0.7463021807031592,0.5744035044481407
prune,1891,,0.7463665655249724,0.5743281723982012
prune,1568,,0.7463938750167286,0.574224228425288
prune,2496,,0.7465225329536124,0.5741981845422782
prune,835,,0.7466343955295884,0.5741591337952189
prune,1442,,0.7467805348217041,0.5741463579739027
prune,2730,,0.7469079349958951,0.5741190843166076
prune,1511,,0.747037942577692,0.574093727420641
prune,3006,,0.7471704307205627,0.5740701889942422
prune,2369,,0.7473559216802026,0.5740872887644423
prune,2665,,0.7473695084453964,0.5739722347433003
prune,2951,,0.7474566935325982,0.5739136323207531
prune,2090,,0.7475002958573873,0.5738214799496284
prune,2977,,0.7476289609660279,0.5737945524062125
prune,1514,,0.7476825479349085,0.573709910764059
prune,1510,,0.7477676006134426,0.573649334991117
prune,1228,,0.7479385072747566,0.5736545433375684
prune,2182,,0.7479830872269936,0.5735627609319711
prune,1700,,0.748134636640885,0.5735529308737956
prune,995,,0.7482150937325837,0.5734885029094953
prune,3001,,0.7485107430822815,0.5735889435416859
prune,1669,,0.7485351653904594,0.5734814179029638
prune,1687,,0.7487180709717661,0.5734952441047657
prune,2886,,0.7487765112783795,0.5734136313867639
prune,2283,,0.7488228231735073,0.5733226486264479
prune,1015,,0.7488249419742267,0.5731977475334169
prune,2083,,0.7488535617352782,0.5730930581852
prune,2777,,0.7488734132060406,0.5729815797011093
prune,258,,0.7489592870033701,0.5729205429451533
prune,2030,,0.7491607298958219,0.5729478332564093
prune,730,,0.7492135271481793,0.5728613350319459
prune,2161,,0.7492680505933058,0.5727760754731738
prune,565,,0.750209254207215,0.5733686061929274
prune,2499,,0.7505337778372647,0.573489605824232
prune,2860,,0.7506388836802605,0.5734428218497111
prune,1096,,0.7507914354744504,0.5734321990384549
prune,2978,,0.7508441490949179,0.5733452241694329
prune,2196,,0.7508606488281673,0.5732305124407774
prune,1467,,0.7508757245194988,0.5731146356310453
prune,2431,,0.7509579645819369,0.5730499489601654
prune,2188,,0.7509951854991793,0.5729508206018658
prune,2806,,0.7514937135219699,0.5732035800815624
prune,1717,,0.7517018764962866,0.5732347141258353
prune,1249,,0.7517651301199121,0.5731552347711999
prune,536,,0.7518418506189504,0.5730859399819571
prune,2200,,0.7520287424802038,0.5731005438033108
prune,368,,0.7520692932879175,0.573003519068038
prune,1990,,0.7522352913650551,0.5730019989918539
prune,1230,,0.7532500192071029,0.5736469381911201
prune,2315,,0.7532844024055521,0.5735450363637796
prune,1306,,0.7533700384489225,0.5734820802524592
prune,637,,0.7535243662416073,0.5734713312523174
prune,2561,,0.7535726619091255,0.5733797857021672
prune,951,,0.7535823560248462,0.5732587840590285
prune,215,,0.7536824676685058,0.5732064909901526
prune,212,,0.7537576650300407,0.5731351595574083
prune,572,,0.7538139220947296,0.5730493395066749
prune,1482,,0.753858152185007,0.5729542920224535
prune,1654,,0.7538936829303079,0.5728525497181581
prune,2403,,0.753909763400728,0.572735945167226
prune,1693,,0.7539848877827422,0.5726641194413428
prune,595,,0.7542324012612573,0.5727231498711947
prune,1557,,0.754264200714798,0.5726182604162661
prune,152,,0.7544119990501901,0.5726013595633759
prune,1219,,0.7544421068588666,0.572495029598076
prune,423,,0.7545885812566374,0.5724769275940516
prune,485,,0.7545918313916924,0.5723500638275812
prune,1513,,0.7545922267208672,0.5722209559156123
prune,2402,,0.7546344779710519,0.5721235121435598
prune,2702,,0.7548498427247932,0.5721572405764522
prune,2739,,0.7550855867518775,0.5722063141836401
prune,1397,,0.7551871761212422,0.572153611786508
prune,777,,0.7552657326710984,0.572083367435875
prune,1380,,0.7553839544583018,0.572043082507963
prune,239,,0.75538539588223,0.5719142621697226
prune,1075,,0.7554689555971982,0.5718475405758642
prune,445,,0.7555560820587011,0.5717834304886558
prune,1494,,0.7557169810735562,0.5717750646194497
prune,422,,0.7557874668727872,0.5716981893865684
prune,1246,,0.7558671300917446,0.5716281694425814
prune,1073,,0.7560018230710652,0.5715996807659522
prune,1359,,0.7561544156896095,0.5715846318938068
prune,541,,0.7562621096081014,0.5715355440822071
prune,1674,,0.756429534619579,0.5715315088233422
prune,1190,,0.756531254840485,0.5714777266836363
prune,1233,,0.7570112112093976,0.5717095915831247
prune,2334,,0.7571039147780563,0.5716488383284222
prune,2670,,0.7571467512351469,0.5715503396502227
prune,1119,,0.7573078903109235,0.5715410664738131
prune,93,,0.7574459204742485,0.5715142530447272
prune,261,,0.7577930460700175,0.571645124068307
prune,2036,,0.757805159254886,0.571523137180878
prune,2008,,0.7579916940926912,0.5715326243765754
prune,831,,0.7580429904625412,0.5714400308265786
prune,2853,,0.7580963275125617,0.5713488893424451
prune,2857,,0.7582724545803511,0.5713502104865154
prune,1551,,0.7584045716026693,0.5713182669982121
prune,1979,,0.7585586568953954,0.5713027778292727
prune,1172,,0.7587053684079303,0.5712816360951147
prune,206,,0.7587843735210655,0.5712094117573105
prune,3058,,0.7589333702434619,0.5711897906969113
prune,1062,,0.7590164430891579,0.57112045175605
prune,1180,,0.7590683826223512,0.5710275940421832
prune,2876,,0.7590746662925866,0.5709003007205607
prune,1427,,0.7592694868810344,0.5709147349012106
prune,434,,0.7599263536739798,0.571276516421612
prune,1257,,0.7600189293737679,0.5712139003572769
prune,2305,,0.7601812994049212,0.571203651915652
prune,1274,,0.7602827789279244,0.5711475460156051
prune,1957,,0.7602967728094732,0.5710256196318858
prune,1541,,0.7605723165342847,0.5711000635318154
prune,2451,,0.7606084739875699,0.5709946287495873
prune,3050,,0.7606615036561665,0.570901774823963
prune,272,,0.7607855796299906,0.5708621593382575
prune,2529,,0.7608952986078731,0.570811673462925
prune,1665,,0.7609398717613247,0.5707122173802803
prune,563,,0.7609592337853247,0.5705937637067374
prune,1178,,0.7612359689958538,0.5706682275478124
prune,124,,0.7613577112951236,0.5706263755245037
prune,1407,,0.7615069960373366,0.5706050708698164
prune,783,,0.7621417160575452,0.5709474357214881
prune,692,,0.7623287162294733,0.570954214783922
prune,3054,,0.7625948522986689,0.5710201633357023
prune,1793,,0.7627309816528945,0.5709886430610045
prune,260,,0.7629296268118027,0.57100382740771
prune,1711,,0.7630502992605005,0.570960543246767
prune,1881,,0.76324135752534,0.5709698327142884
prune,2432,,0.763329079055371,0.5709017057379128
prune,1238,,0.7633945093438025,0.5708168118978525
prune,2510,,0.7634279678029451,0.570707918551214
prune,2287,,0.7634626656307323,0.570599864246702
prune,2833,,0.7636342597438379,0.5705940441931119
prune,2768,,0.7636819276932921,0.5704955143092726
prune,1151,,0.7638491687890631,0.5704862269241043
prune,2159,,0.7639496887232514,0.5704270008318496
prune,2917,,0.7639674634466315,0.5703058897586518
prune,1937,,0.7640700550991889,0.5702480136600212
prune,2477,,0.7641022863730218,0.5701375251422857
prune,2106,,0.764222919085513,0.5700929146425945
prune,42,,0.7648780043073612,0.5704469256925123
prune,755,,0.764981024032066,0.5703890117600473
prune,2840,,0.7650279875801281,0.5702892009240478
prune,2087,,0.7650685228880044,0.5701845075624231
prune,300,,0.7651530820463031,0.5701125369423622
prune,107,,0.7652454559037438,0.5700462945916562
prune,2423,,0.7653643972586515,0.5699997485094549
prune,1874,,0.7654837129978268,0.5699533820997095
prune,150,,0.765556078957563,0.5698719564517636
prune,2616,,0.7656211301251369,0.5697849915125207
prune,225,,0.7656924341303587,0.5697025873352242
prune,638,,0.7659777331516338,0.5697793215162316
prune,2240,,0.7659816435500082,0.5696466065637911
prune,222,,0.7660010595125851,0.5695253377010905
prune,743,,0.7660550589890388,0.5694296958728478
prune,83,,0.7661051525911582,0.5693310582890349
prune,538,,0.7661093745601909,0.5691982367681054
prune,1702,,0.766168326320173,0.5691059947208378
prune,2909,,0.7662166829348884,0.5690057889828402
prune,1210,,0.7663548754309698,0.5689722101597665
prune,1447,,0.7663554004454527,0.5688363108817543
prune,481,,0.7664312606882338,0.5687562480624058
prune,453,,0.766616214913619,0.568757052823585
prune,871,,0.7668890224873478,0.5688229326799207
prune,2887,,0.766971884900194,0.5687477945670205
prune,2231,,0.766997586274874,0.5686301688119579
prune,1975,,0.7676275449974559,0.5689604668223908
prune,1368,,0.7676356919402322,0.568829683493301
prune,537,,0.7677323122334008,0.5687643774154558
prune,2569,,0.7678095366112312,0.5686846023117875
prune,1140,,0.767830737768996,0.5685632334962057
prune,1527,,0.7679248670820518,0.5684957809177836
prune,181,,0.7681233048226034,0.5685054552084993
prune,3014,,0.7682680224637819,0.5684752554554212
prune,1191,,0.7683374706812436,0.5683892511869968
prune,2102,,0.7684306540329529,0.5683207106792535
prune,2781,,0.7685661701272981,0.5682833822730929
prune,2975,,0.7685702413956512,0.5681487508773675
prune,2735,,0.7686613935054469,0.5680784087181954
prune,1021,,0.7688282661351634,0.5680639329424324
prune,1606,,0.7688992735581428,0.5679785113845482
prune,811,,0.7691591955371222,0.5680325530717139
prune,2325,,0.7693981281948199,0.5680709726255264
prune,147,,0.7696915739217108,0.5681495263682862
prune,628,,0.7697162238482856,0.5680295282529061
prune,2916,,0.7697681991270611,0.5679296055368867
prune,2162,,0.7697773968228168,0.5677980244354395
prune,686,,0.7698880658580558,0.5677412058781285
prune,2613,,0.7702456569168616,0.5678663874178946
prune,1451,,0.7704081273361963,0.5678475715775464
prune,2576,,0.7705441522879839,0.567809152978638
prune,2066,,0.7705705721411706,0.5676898550263045
prune,337,,0.7705921847142148,0.5675669228036471
prune,546,,0.7707169843672598,0.5675199052225759
prune,2960,,0.770719040125568,0.5673823930761283
prune,2184,,0.7707605253992071,0.567273820414121
prune,914,,0.7708420931591142,0.5671946557422385
prune,2433,,0.7709859135073246,0.5671612009984155
prune,1739,,0.7710744528652391,0.5670869691299477
prune,2195,,0.7714054074254267,0.5671909343809275
prune,1716,,0.7714647419703266,0.5670950393038535
prune,2316,,0.771467018148146,0.5669571006690172
prune,1915,,0.7716183958887558,0.5669286559144548
prune,496,,0.7716836807802837,0.5668368425121602
prune,659,,0.7717219916658937,0.5667251155174062
prune,1070,,0.771737811709902,0.5665967756281265
prune,1931,,0.7722688891211437,0.5668466652883831
prune,2803,,0.7723676787906676,0.5667790736774221
prune,2742,,0.7724676197077234,0.5667122238677251
prune,2964,,0.772868750196584,0.5668662519629182
prune,2464,,0.7728723554797015,0.5667285487932069
prune,2218,,0.772885191760002,0.56659752356976
prune,1214,,0.7729762039369188,0.5665237203075467
prune,975,,0.7729997984174587,0.5664003993923886
prune,2976,,0.773152493602658,0.5663715874389667
prune,591,,0.7732561988924721,0.5663067746484621
prune,1007,,0.7732615781460338,0.5661698411434998
prune,1441,,0.7733108060064261,0.5660649230992335
prune,2474,,0.7733386211527462,0.5659442318379015
prune,590,,0.7733582968654592,0.5658174882647327
prune,1844,,0.7734383271754348,0.565734811356986
prune,2442,,0.7734411282378638,0.5655955384027916
prune,2168,,0.773489488929778,0.5654894920581824
prune,521,,0.7735374840954056,0.5653830801803059
prune,2827,,0.7739655867994986,0.5655544137602317
prune,2629,,0.7741940670302312,0.5655797206110738
prune,2658,,0.7745973326555307,0.5657326032609898
prune,2965,,0.7746388419681717,0.5656211106068271
prune,1599,,0.7747256144202121,0.5655425724673335
prune,2010,,0.774788535101745,0.5654465175886281
prune,369,,0.7751403627612222,0.5655612242753985
prune,2947,,0.7752425225903177,0.5654936154582665
prune,581,,0.7753081390198383,0.5653992422185267
prune,2530,,0.7753102030000406,0.565258417793623
prune,1286,,0.7753533693820136,0.5651474688005765
prune,1988,,0.7757219778743961,0.5652736504114934
prune,1370,,0.7757958602102397,0.5651849060468768
prune,1221,,0.7760449977237419,0.5652237456512795
prune,2911,,0.7766722946416742,0.5655379086739168
prune,963,,0.7766833115214969,0.5654031157385611
prune,1868,,0.7769537630522317,0.5654571028027763
prune,2783,,0.7774124785018213,0.5656479876519487
prune,977,,0.7774309060385928,0.5655183400018059
prune,2557,,0.7776014097110279,0.5654992272968004
prune,351,,0.7776233582105566,0.5653719554778043
prune,2189,,0.7778412499406521,0.5653870579805604
prune,2279,,0.7780608808838096,0.5654033021186566
prune,290,,0.7780684696656072,0.5652653241573214
prune,112,,0.778472675968526,0.5654154143373439
prune,1783,,0.7784795227714556,0.565276727766587
prune,1796,,0.7790992854513873,0.56558303549883
prune,7,,0.7792272754703046,0.5655321410953249
prune,425,,0.7792798754713751,0.5654264156612467
prune,292,,0.7795919705699189,0.5655088858221395
prune,1161,,0.7797407514029253,0.5654727444739052
prune,2222,,0.7798026907168087,0.5653735054942369
prune,1706,,0.779824993893309,0.5652454235705605
prune,2838,,0.780020497971559,0.5652427948851353
prune,94,,0.7800355295154248,0.5651092553158223
prune,865,,0.7801189947835843,0.5650251995015291
prune,1009,,0.7805647903638929,0.5652034857489171
prune,566,,0.7806388296128909,0.5651124101898961
prune,2425,,0.7808823655942168,0.5651439385110688
prune,1938,,0.7809046066973234,0.5650151698684863
prune,1785,,0.7810232384347443,0.5649560495372392
prune,1424,,0.7810289683293505,0.5648151428786334
prune,2630,,0.7811638008170075,0.5647675087201998
prune,1381,,0.7812021173714271,0.5646499754609761
prune,2895,,0.7812167107140198,0.5645151918671457
prune,3005,,0.7813272239529715,0.5644496272838906
prune,2072,,0.7813833580324584,0.564344663234132
prune,1094,,0.7814261279656121,0.5642299417147498
prune,211,,0.7814399081670556,0.5640941835250833
prune,2250,,0.7817301840420302,0.5641579337978212
prune,668,,0.781742759924496,0.5640211228884927
prune,2880,,0.781815041533103,0.5639272930973356
prune,518,,0.7820413012230635,0.5639444296019658
prune,1271,,0.7820629226681334,0.5638138586909675
prune,1098,,0.7820926814258042,0.56368905379003
prune,1453,,0.782093470890347,0.5635432657834636
prune,1641,,0.7824024580512403,0.5636194704072264
prune,609,,0.7824103222794595,0.5634785992717973
prune,864,,0.7825051391379316,0.5634002551851635
prune,804,,0.782571158600803,0.5633010643700931
prune,2382,,0.7825772902330796,0.5631586551032124
prune,345,,0.7826235451571567,0.5630450219767049
prune,1241,,0.7827010686833699,0.5629537811583062
prune,142,,0.7831505225242701,0.5631299601738522
prune,1316,,0.7834731599047259,0.5632147849201196
prune,552,,0.7834764772178637,0.563069900613732
prune,2796,,0.7835037749255406,0.5629421520837901
prune,2915,,0.7836980877687377,0.5629343087503926
prune,2133,,0.7838703640950709,0.5629105096904735
prune,24,,0.7839616484274253,0.5628284217547592
prune,1724,,0.7839680519665045,0.5626852788431135
prune,21,,0.7840074983135908,0.5625657531112391
prune,2771,,0.7841116780152447,0.5624925750805276
prune,1664,,0.7843169495024424,0.5624918078484931
prune,2420,,0.7843430935838633,0.5623624375206117
prune,1620,,0.7846970176558639,0.5624679944232581
prune,1057,,0.7847128835503092,0.56233106598803
prune,4,,0.7848189394127169,0.5622586704933829
prune,1552,,0.7849191133467384,0.5621819457305469
prune,2704,,0.7849865064612968,0.5620816262660452
prune,2966,,0.7852072607550442,0.5620910177159671
prune,2839,,0.7852916726313172,0.562002670084307
prune,2265,,0.785489150839439,0.5619951330939206
prune,1067,,0.7856901212418516,0.5619899667743744
prune,1036,,0.7857366652395041,0.5618742050503276
prune,2948,,0.7857478068972574,0.5617330176668996
prune,1532,,0.7857498370899271,0.5615852128761686
prune,3031,,0.7858806649072151,0.561529366256297
prune,2449,,0.7862297800073963,0.5616293827702993
prune,1354,,0.7863673201192493,0.5615781034700759
prune,365,,0.7864312906839152,0.5614741602467087
prune,2721,,0.7865095256341277,0.5613802909342168
prune,1300,,0.7866051378271934,0.5612987127422017
prune,2356,,0.7866643103127108,0.5611910147622471
prune,564,,0.7867227982336397,0.5610827177448946
prune,2320,,0.7868231064411545,0.5610041380785531
prune,2979,,0.7868996018931474,0.5609084621188738
prune,1768,,0.7869051942410157,0.5607621286891729
prune,490,,0.7872326149941792,0.5608450489993132
prune,1337,,0.7873467816607154,0.5607758819302241
prune,1690,,0.7873510520416495,0.5606283180786982
prune,2295,,0.7874103921514566,0.5605198652748676
prune,2380,,0.787451032194257,0.5603979881401893
prune,614,,0.7876126166110669,0.5603620795518256
prune,851,,0.787701201407446,0.560274104024614
prune,2515,,0.7878114555063905,0.560201426418856
prune,2061,,0.7878165533459397,0.5600538489309862
prune,2004,,0.7878885537163448,0.5599537308232554
prune,479,,0.7879724462370451,0.5598619509322681
prune,2352,,0.7880149011941189,0.5597406111222649
prune,1715,,0.7880553977557614,0.5596177698350776
prune,1312,,0.788123554817268,0.5595144622600392
prune,120,,0.7882042105667322,0.5594199144127557
prune,2439,,0.7883062070048055,0.5593403979793599
prune,1910,,0.7888790558140277,0.5595948788437786
prune,194,,0.7891405702081791,0.5596283115675121
prune,2038,,0.7893514362032595,0.559625681895728
prune,132,,0.789395315163222,0.5595045200027488
prune,1152,,0.7898062364039076,0.5596434165440085
prune,466,,0.7899777755271398,0.5596125151466759
prune,1037,,0.7900136469733146,0.5594853712431926
prune,2082,,0.7901400832328914,0.5594222590097103
prune,303,,0.7901513227827759,0.559277457356505
prune,2157,,0.7902260367710299,0.5591774793241024
prune,2016,,0.7903485539622294,0.5591112134809287
prune,1928,,0.7905789826377659,0.5591211688140307
prune,709,,0.7907781343609519,0.5591088635410206
prune,1201,,0.7912913279191887,0.5593184789241925
prune,1918,,0.7913989752324578,0.5592412365132043
prune,246,,0.79154071844108,0.5591879677004341
prune,12,,0.7916855525106358,0.5591367556250042
prune,2913,,0.7918606288229604,0.5591067764872304
prune,1971,,0.7918654190259558,0.5589564230660862
prune,1896,,0.7920766274078554,0.5589516774542795
prune,487,,0.7922022811544588,0.5588864158719151
prune,1761,,0.7923732299012872,0.5588529861568069
prune,262,,0.7923919442343575,0.5587120471187028
prune,1766,,0.792528327378984,0.5586539715049668
prune,3007,,0.792723169907248,0.558636979628277
prune,1005,,0.7934462725935224,0.5589921475908767
prune,1473,,0.7936267549834303,0.5589647937139839
prune,1041,,0.7937180903333608,0.5588745133506522
prune,2076,,0.793842918407166,0.5588076962034896
prune,2417,,0.7938606672331114,0.5586653710649923
prune,2441,,0.793912594358139,0.5585469888321513
prune,739,,0.7939594956544374,0.558424954219665
prune,2164,,0.7940082396155171,0.5583041000545201
prune,226,,0.7940374101754515,0.5581693658459289
prune,242,,0.7941242802053641,0.5580750811305989
prune,298,,0.7941507522344371,0.5579382264665553
prune,1207,,0.7943734558893261,0.5579391330510719
prune,734,,0.7943988607980006,0.5578013122842846
prune,819,,0.7944026323714108,0.5576481868285702
prune,2973,,0.7946908794942553,0.5576946593857184
prune,1929,,0.7948172698823228,0.5576273848354777
prune,159,,0.7948890182873409,0.5575216433999329
prune,1644,,0.795040538583925,0.5574717360750664
prune,144,,0.7952599520243735,0.5574693056282223
prune,2126,,0.7953112282430986,0.5573488617028564
prune,465,,0.7956704299046159,0.5574441075620615
prune,1517,,0.7957634769870188,0.5573527097632526
prune,437,,0.7957911194364709,0.5572153747983638
prune,1756,,0.7958275206390646,0.5570840581640605
prune,1976,,0.7958477200439429,0.5569412829213823
prune,1304,,0.7958668471667434,0.5567976430466836
prune,78,,0.7959268418555394,0.5566824825066
prune,1952,,0.7961106423278793,0.5566537994497106
prune,2554,,0.7962120156566495,0.5565673391700812
prune,1396,,0.7963830741453971,0.5565294669992313
prune,2120,,0.7967373992197581,0.5566195376169593
prune,2697,,0.7968306421021918,0.5565270326739087
prune,1518,,0.7969089733821507,0.5564239864255766
prune,245,,0.797193294359257,0.5564646544461049
prune,2598,,0.7972535896340712,0.5563487801581487
prune,402,,0.7974082994852503,0.5562986746259302
prune,2578,,0.7986517718895522,0.5570080458516677
prune,2683,,0.798704253316581,0.5568864213049725
prune,2864,,0.798905297267149,0.5568682668504307
prune,2062,,0.7991638275919574,0.5568900427455502
prune,1571,,0.7991773068050005,0.5567408930650144
prune,1808,,0.7994646354110324,0.556782416956202
prune,326,,0.79964148248406,0.556746834969745
prune,615,,0.7998007730296436,0.5566988885325173
prune,1740,,0.800021762970749,0.5566937534421693
prune,2773,,0.8000827096367754,0.5565770976322589
prune,2138,,0.8001927965324134,0.5564945054618163
prune,2715,,0.8006170465729274,0.5566302835229847
prune,36,,0.8006420366373169,0.5564882778139738
prune,228,,0.8006825205099347,0.5563569235611152
prune,2359,,0.8007364288163189,0.5562347772240093
prune,2969,,0.8007839556907348,0.5561080747647817
prune,1133,,0.8008329701725412,0.555982283353625
prune,2820,,0.8008538263258744,0.5558368190008901
prune,1008,,0.8011186513015627,0.5558605763650051
prune,0,,0.8014706059104453,0.5559446384820855
prune,1789,,0.8016877046097532,0.5559349820526079
prune,1181,,0.8021255048477646,0.5560782353381892
prune,316,,0.8022751415420857,0.5560215216797074
prune,2504,,0.8023303378305646,0.5558992123442894
prune,957,,0.8023371173779581,0.555743230298719
prune,346,,0.8026272405759765,0.555783404720942
prune,608,,0.8028769787014608,0.5557954522763542
prune,882,,0.802950830908917,0.5556855790062435
prune,1666,,0.8030443232429066,0.5555891709003871
prune,2258,,0.8032641920647655,0.5555800722210232
prune,2726,,0.8034421211406894,0.5555418135503479
prune,1536,,0.8041417694537295,0.5558641811045543
prune,2092,,0.8042105753848466,0.5557502235753287
prune,2297,,0.8043228856489272,0.5556662040491249
prune,2395,,0.8045909136282638,0.5556896353184904
prune,641,,0.8050201846163606,0.5558242788163686
prune,2719,,0.8054588299493729,0.5559652127116728
prune,1811,,0.8054690004241971,0.5558101874391943
prune,1764,,0.8055743229701031,0.5557207063765032
prune,2310,,0.8058002103728842,0.5557142680236353
prune,2899,,0.8063452167184693,0.5559277712307517
prune,1807,,0.8063529597220287,0.555770634701339
prune,2085,,0.8063758453289709,0.5556238157195001
prune,2410,,0.8072592169384919,0.556069825641336
prune,945,,0.8073210265773345,0.5559496193183803
prune,2952,,0.8074408453282227,0.5558692342972152
prune,2078,,0.8075371434721891,0.5557725180387546
prune,1526,,0.8081745708911463,0.5560481172564018
prune,108,,0.8082193956151527,0.5559157419299493
prune,1146,,0.8084504903360639,0.555911370924645
prune,3052,,0.808690918519924,0.5559132631809143
prune,1537,,0.8087354643113425,0.5557803345435018
prune,636,,0.8092048347884688,0.5559392488922972
prune,221,,0.8095108335011695,0.5559857236865586
prune,305,,0.8095514730544726,0.5558497646252499
prune,380,,0.8096266818520947,0.5557374158979933
prune,1691,,0.8100237716869538,0.5558458939849398
prune,1852,,0.8100590282004362,0.5557058786828855
prune,889,,0.8100602707085194,0.555542400992186
prune,1672,,0.8102675061315928,0.5555200826774359
prune,363,,0.8104479640232769,0.5554792509951874
prune,1828,,0.810986653340354,0.5556838191554937
prune,1150,,0.8111100211564977,0.5556035859881268
prune,1845,,0.8111352608050779,0.5554559898016989
prune,1679,,0.8113252535268197,0.5554210967069434
prune,3067,,0.8116448675650005,0.5554747954444803
prune,827,,0.8118584931057097,0.555455780707274
prune,468,,0.8119665239736901,0.555364359523809
prune,1688,,0.8119993254562482,0.5552213399806749
prune,724,,0.812244973689331,0.5552237413738439
prune,442,,0.8125434116700256,0.5552620697852919
prune,810,,0.8126192166029724,0.5551480784826169
prune,1489,,0.812875585864702,0.5551573151550895
prune,2461,,0.8129403792464887,0.5550355412671044
prune,3055,,0.8129851261592654,0.5548999456803742
prune,3030,,0.813374581373702,0.554999515841855
prune,2754,,0.8137182878627576,0.5550676832046847
prune,3046,,0.8137803070267687,0.5549435094814261
prune,2724,,0.8139687051365754,0.554905389902106
prune,2648,,0.8143979342221483,0.5550313099343316
prune,1902,,0.8144067990892069,0.5548705294815315
prune,1478,,0.8144735368937017,0.5547490553584596
prune,77,,0.8149598444236598,0.5549132415151259
prune,2446,,0.8152202143715876,0.5549233728281667
prune,1262,,0.8153287716548484,0.5548299911601452
prune,2489,,0.8153377675593863,0.5546687105007162
prune,2681,,0.8154199091011681,0.5545570666613904
prune,756,,0.8156063126453167,0.5545161965369303
prune,2519,,0.8157152851396303,0.5544225233238377
prune,329,,0.8157733154403157,0.5542940799796177
prune,618,,0.8158490231336035,0.5541775131873488
prune,1645,,0.8160786181795033,0.5541653458401967
prune,2908,,0.8165686614681107,0.5543298885507066
prune,503,,0.8166326977857368,0.5542050104177263
prune,770,,0.8168120740716769,0.5541582759108644
prune,350,,0.8168975839112986,0.5540476984937385
prune,2513,,0.8169864488379898,0.5539392558407898
prune,2244,,0.817074371443369,0.5538300325847008
prune,1141,,0.8171042737231864,0.553681337387449
prune,1909,,0.8171310814837457,0.5535304124232031
prune,511,,0.8172229351092269,0.5534234208250217
prune,2760,,0.8173195918702478,0.553319539346626
prune,2213,,0.8175717291051685,0.5533207810064591
prune,357,,0.8180531574155869,0.553477046516754
prune,2185,,0.8181882099874765,0.5533987397537907
prune,2572,,0.8182023930392598,0.5532385240193385
prune,859,,0.8183158769737422,0.5531453253951051
prune,250,,0.8183324338022341,0.5529864562429949
prune,1411,,0.818467205100496,0.5529073439806532
prune,838,,0.8185734522114236,0.5528088100352923
prune,121,,0.8188114009353845,0.5527990781737696
prune,2638,,0.8190356171917613,0.5527799066997917
prune,1826,,0.8191323788949838,0.5526745420552042
prune,390,,0.819221429128894,0.5525638283007328
prune,3021,,0.8197896493003106,0.5527761929217414
prune,1619,,0.8199777844615075,0.55273203000653
prune,378,,0.8202949742774742,0.552774705967274
prune,1592,,0.8205803416421295,0.5527957544500411
prune,1850,,0.8207333172229726,0.5527274320261674
prune,685,,0.8208130484280016,0.5526096233201283
prune,646,,0.8213004670534899,0.552766164554089
prune,443,,0.8217522635555398,0.5528985194288193
prune,870,,0.8219317394751665,0.5528474316520536
prune,1521,,0.8219396510092132,0.5526807769828793
prune,338,,0.8219771744409747,0.552533901517244
prune,2512,,0.8222192749328844,0.552524414520823
prune,343,,0.82239607812757,0.552470873598293
prune,2874,,0.8226424925592652,0.5524639384629563
prune,1704,,0.8226879831530777,0.5523218859721231
prune,389,,0.8231393435942641,0.5524521987277781
prune,2716,,0.8234643440001027,0.5524974924939243
prune,1305,,0.8237205126934736,0.5524964149264322
prune,84,,0.8243011419502079,0.5527128048287503
prune,1103,,0.8243020513819365,0.5525402234323782
prune,3019,,0.8245066974208649,0.5525040850315228
prune,2885,,0.8247040274765562,0.5524628765367658
prune,867,,0.8247972289892499,0.5523517416924182
prune,1340,,0.8251899884779628,0.5524410804372912
prune,2583,,0.8253944110044703,0.5524041254863238
prune,2238,,0.8255723772181427,0.5523492950004392
prune,314,,0.8257065110034675,0.5522649722654682
prune,1168,,0.8257313798618833,0.5521074063519359
prune,624,,0.8260877117954528,0.5521713427066881
prune,2861,,0.8263330509793779,0.5521608906513364
prune,1942,,0.8263336767867708,0.5519867318313634
prune,2389,,0.8266467409606862,0.5520211593394605
prune,2508,,0.8270788032512442,0.5521348705671331
prune,1093,,0.8270875595080899,0.5519657669615925
prune,1647,,0.8271403816209871,0.5518259351811765
prune,3060,,0.8272962259587506,0.5517546941285951
prune,1491,,0.828274953178623,0.5522321423820453
prune,232,,0.8284393389876274,0.5521663119481699
prune,1890,,0.8288671382396492,0.5522758990104429
prune,2319,,0.8289050557602992,0.5521254805658832
prune,1497,,0.829193534059174,0.5521418264579625
prune,807,,0.8293855140570591,0.5520937264266078
prune,2935,,0.8294968312810824,0.5519917583761137
prune,3013,,0.8296631878753866,0.5519262625494817
prune,1608,,0.8296838143403237,0.5517636480150439
prune,1763,,0.8300410102716321,0.5518247361996375
prune,1741,,0.8301775086114955,0.5517388927575543
prune,2370,,0.8302184879845265,0.5515894008073361
prune,1553,,0.8302295623585579,0.5514198926614677
prune,76,,0.8303589792370903,0.5513288493398992
prune,958,,0.8303799477155763,0.5511656338093182
prune,2539,,0.8304828036278687,0.5510566317544512
prune,1562,,0.830607731061824,0.5509621189861649
prune,263,,0.8308129542474946,0.5509207113034353
prune,573,,0.8308163326673523,0.5507452740816257
prune,1362,,0.8308348662865463,0.5505797427092349
prune,1222,,0.8311224393367221,0.5505923681430566
prune,2406,,0.8312655376044644,0.5505090878976974
prune,1032,,0.8317382805962391,0.5506439671931179
prune,923,,0.8318714133951162,0.5505537746761039
prune,2109,,0.8319481143597327,0.5504260676553286
prune,364,,0.8320204734059627,0.5502953331911857
prune,1962,,0.8320337392812147,0.5501253578333306
prune,2298,,0.8322319471600148,0.5500775271997257
prune,2752,,0.832407596998313,0.5500146099025848
prune,277,,0.8325332958555626,0.5499185131026645
prune,1302,,0.8325381067605124,0.5497423958600346
prune,2021,,0.8326407489068585,0.5496307395807642
prune,2692,,0.8326961677318155,0.5494877483474471
prune,917,,0.8330300376547939,0.5495283647834394
prune,1429,,0.8330625537716079,0.549369971942517
prune,19,,0.8332695229508356,0.5493264827241574
prune,1344,,0.8334584007350726,0.5492708872604191
prune,1653,,0.8335003787005874,0.5491182980779673
prune,1533,,0.8337307665561285,0.5490896927391816
prune,2517,,0.8337971762262901,0.5489529012635832
prune,1983,,0.8342545260493963,0.5490733583343494
prune,2954,,0.8346627961116665,0.5491612884233341
prune,1259,,0.8347699698030207,0.5490508855367158
prune,950,,0.835071881074741,0.5490684125861511
prune,395,,0.8352677984786416,0.5490160458621698
prune,759,,0.8353213164084655,0.5488698952214902
prune,289,,0.8353437395318482,0.5487031564713467
prune,645,,0.8356878883681244,0.5487476114143732
prune,2869,,0.8357052834846174,0.5485772859451586
prune,962,,0.8357090625165169,0.5483978724749342
prune,2813,,0.835827373178284,0.5482934734780573
prune,2741,,0.836357353939893,0.5484589776338104
prune,1279,,0.8366262714836219,0.548453034141271
prune,1035,,0.8366838194450459,0.5483083234331553
prune,424,,0.8369895114636917,0.5483260844837727
prune,470,,0.8372650395006478,0.5483238830761517
prune,1649,,0.837465251216769,0.5482721583967627
prune,1775,,0.8374724024839831,0.5480938492935091
prune,857,,0.8376033553747345,0.547996419855316
prune,2690,,0.8391859044167522,0.5488485845837358
prune,2353,,0.8391979777235142,0.5486731250326007
prune,1353,,0.8392364927407356,0.5485148033191509
prune,753,,0.8395512658073989,0.5485368976166992
prune,2640,,0.8398286408759699,0.548534351905718
prune,507,,0.8400724948559899,0.548509712931761
prune,1624,,0.8403473857448464,0.5485051485329482
prune,1545,,0.8403871770678741,0.5483469232250631
prune,892,,0.8406920479085415,0.5483615157343962
prune,2233,,0.8409097935359031,0.5483190715265238
prune,240,,0.8410482939861361,0.5482247630630527
prune,2502,,0.8412965952820236,0.5482018568685854
prune,635,,0.8415758215238331,0.5481989091790579
prune,1903,,0.8423650887270419,0.5485280243515711
prune,1347,,0.8424686167647863,0.5484102823416082
prune,1817,,0.842602912432152,0.5483124003309857
prune,1013,,0.8426297901332553,0.5481444371034185
prune,606,,0.8427936767288291,0.5480654498144771
prune,773,,0.8428713095720707,0.5479301870231563
prune,103,,0.8428983397580786,0.5477618600601839
prune,2536,,0.8429972761313601,0.547640107393509
prune,2093,,0.8431770315622987,0.5475706909349889
prune,2355,,0.843328229152743,0.5474825425747519
prune,2737,,0.8433848989377883,0.5473328430821717
prune,2251,,0.8434532499607721,0.5471905612232812
prune,2989,,0.8436206632232517,0.5471123846342871
prune,1012,,0.8437831999691497,0.5470308617025655
prune,1777,,0.8437878902488795,0.5468468155360905
prune,825,,0.8439716779138642,0.5467786925921267
prune,2509,,0.8445432365216574,0.5469616230508737
prune,1001,,0.8445674033025362,0.5467897588118338
prune,2314,,0.8450083360476761,0.5468875767479062
prune,1164,,0.8451419062242064,0.5467862229552888
prune,1382,,0.8457653290331938,0.5470016351239622
prune,1558,,0.8457773804628215,0.5468213467290705
prune,2180,,0.8461894910963839,0.5468995690745474
prune,1842,,0.8462787495861971,0.5467688852300487
prune,1270,,0.8464909779509029,0.5467174836757457
prune,1083,,0.846656472759804,0.5466357020233991
prune,1113,,0.8467556864334262,0.5465109370928957
prune,2299,,0.8468351626269472,0.5463732573845221
prune,2507,,0.8470793326761167,0.5463416730502587
prune,391,,0.8472345107380279,0.5462524862070447
prune,2636,,0.8473343613373169,0.5461274389545941
prune,1627,,0.8475564873108575,0.5460810306582309
prune,514,,0.8479476665681384,0.5461433530991522
prune,2819,,0.8483109582576474,0.5461874840999839
prune,400,,0.848315725205875,0.5460005378212003
prune,1419,,0.8483413752945531,0.5458268734407311
prune,435,,0.8486089182465113,0.5458086910451119
prune,1285,,0.8488163288210948,0.54575162242556
prune,2901,,0.8493080162577605,0.5458771472091958
prune,2096,,0.8495129244699109,0.5458180887095452
prune,1026,,0.8496754645860404,0.5457316093827075
prune,444,,0.849718309633518,0.5455680568314394
prune,1765,,0.8498677344073131,0.5454727708896472
prune,2809,,0.8499333056466196,0.5453234733115037
prune,944,,0.8501902585196851,0.545296803126013
prune,862,,0.8503425241822533,0.5452027758912741
prune,1253,,0.850484001234806,0.5451016417596607
prune,1060,,0.8514118016730574,0.545504334595757
prune,2506,,0.8514314489543152,0.5453247979967473
prune,701,,0.85157651162912,0.5452254270342608
prune,2649,,0.8517325287155201,0.5451328811987873
prune,41,,0.8521804801117848,0.5452270034791087
prune,1385,,0.8522439572355629,0.5450748766305734
prune,1378,,0.8527445221394302,0.5452021453574734
prune,813,,0.8529070117820974,0.5451129960338393
prune,872,,0.853292637002918,0.5451662745089243
prune,2940,,0.8534700542420802,0.5450862859171429
prune,721,,0.853531682630094,0.5449321444766904
prune,656,,0.8543696380069847,0.5452735033281373
prune,1003,,0.8544231514745959,0.5451138652281954
prune,1676,,0.8544259805556916,0.5449217137008285
prune,1925,,0.8546920172550236,0.5448972722043516
prune,1472,,0.8555058536861027,0.5452218834639783
prune,9,,0.8555782964852511,0.5450736500530573
prune,2525,,0.8556502248741775,0.5449249094082279
prune,302,,0.8558488283087484,0.5448566684166009
prune,227,,0.8560392119321757,0.5447829910637543
prune,428,,0.8566074379209098,0.5449495876094308
prune,1801,,0.8568672537535414,0.544919697297133
prune,830,,0.8569104297056043,0.5447518113216404
prune,1723,,0.8573577430875814,0.5448406845006138
prune,2592,,0.8578385436616743,0.544950589973066
prune,1948,,0.8579715770561699,0.5448393008126545
prune,689,,0.8581067136303595,0.5447291543499128
prune,3062,,0.8582909097928659,0.5446499596487848
prune,533,,0.8589232289395324,0.5448549498396679
prune,1846,,0.8597072749736364,0.5451559090190715
prune,396,,0.8599565622967729,0.5451174304895444
prune,2429,,0.8599986453513144,0.5449473822667636
prune,2134,,0.8600028773452464,0.5447531696379666
prune,2199,,0.8603199245006523,0.5447569469339723
prune,1708,,0.8604418894245609,0.5446369597630933
prune,3057,,0.8609494306381197,0.5447608561148141
prune,661,,0.8610833871333033,0.5446480872699828
prune,2535,,0.8613162648289696,0.5445976957875125
prune,16,,0.8614942133961642,0.5445123561841406
prune,506,,0.8618778979495647,0.5445568575319352
prune,1165,,0.8621464417522331,0.5445283615683495
prune,2019,,0.8623801251204314,0.5444776240774996
prune,2972,,0.862839688640353,0.5445692937515167
prune,749,,0.86316011165619,0.5445728823971067
prune,898,,0.863333170835136,0.5444832589373342
prune,1237,,0.8639128094665273,0.5446498678626857
prune,125,,0.8642799583135704,0.5446822226824486
prune,1160,,0.8644370378262816,0.544581936868864
prune,1088,,0.8644830189363184,0.5444114520923574
prune,1870,,0.864688276757418,0.5443410962627772
prune,3043,,0.8649171334241059,0.5442853842950629
prune,1287,,0.8649720469460914,0.5441199855875712
prune,631,,0.8650942010910015,0.5439967025265924
prune,1263,,0.8653807655018759,0.5439766142114886
prune,205,,0.8653992303527062,0.5437877574589411
prune,2225,,0.8661042276776872,0.5440301454727838
prune,1934,,0.866686393251691,0.544195064743573
prune,386,,0.8668507446408832,0.5440973327201711
prune,922,,0.8668662666612604,0.5439059701075303
prune,3032,,0.8669918791107337,0.5437835070610536
prune,716,,0.8677013562490905,0.5440270729328976
prune,2657,,0.8680700039875974,0.5440566210254209
prune,1379,,0.8688185577129482,0.5443240421655715
prune,545,,0.8689786883217724,0.5442224646363627
prune,1743,,0.8690739124611471,0.5440800256456335
prune,667,,0.8699704351649774,0.5444390752903515
prune,2284,,0.870727186042965,0.5447103002547407
prune,680,,0.8710141633848275,0.544687301058391
prune,1505,,0.8716927303890484,0.5449089658417207
prune,416,,0.8718460752849275,0.5448019745225552
prune,904,,0.8719828543851107,0.5446844211464752
prune,2347,,0.8720081197537859,0.5444969987645861
prune,1590,,0.8720372506123613,0.5443118040338537
prune,148,,0.8723186766432437,0.5442839122087431
prune,1825,,0.8729039178279403,0.544445365022821
prune,2169,,0.8732523433625822,0.5444588087532479
prune,1595,,0.8733439160611811,0.5443118490400086
prune,89,,0.87348872323052,0.5441978699965403
prune,2625,,0.8741433797636741,0.5444013482495483
prune,2671,,0.8745449365308234,0.544446882075677
prune,2399,,0.8752752101901149,0.5446968138795156
prune,2084,,0.8752766755186994,0.5444928424452063
prune,394,,0.8753595872440205,0.5443393562228366
prune,1401,,0.8754494871287634,0.5441900154967872
prune,1406,,0.8755062929771111,0.5440198996155087
prune,360,,0.8756782467482414,0.543921143256631
prune,930,,0.8757257260280246,0.5437448467039077
prune,2388,,0.8759385333048599,0.5436710162067103
prune,405,,0.8760136505488111,0.5435114925307278
prune,2350,,0.8762960926548453,0.543480409563721
prune,2124,,0.8765288746930606,0.5434182846169455
prune,2812,,0.876577644493743,0.5432418386910166
prune,2155,,0.87677079134302,0.5431546775231472
prune,1884,,0.8773479164266225,0.5433051814772104
prune,2891,,0.8780035885086809,0.543504031726623
prune,2505,,0.8781549896568603,0.5433903907513827
prune,72,,0.8784848227552795,0.5433869515989148
prune,2074,,0.8785052916321482,0.5431918893207707
prune,1805,,0.878519760702708,0.5429929239990957
prune,2675,,0.878634177078751,0.5428555461346931
prune,2762,,0.8791649273998666,0.5429752030302253
prune,1519,,0.8793249200990674,0.5428655701953431
prune,2622,,0.8793626954462432,0.5426802579696519
prune,504,,0.8798823672094847,0.5427921615850928
prune,2788,,0.8808315527002659,0.5431687568491712
prune,301,,0.8812029749562051,0.5431886719933829
prune,1355,,0.881290966724343,0.543033599864133
prune,1468,,0.8814018330981641,0.5428924147348995
prune,356,,0.8823262027503855,0.5432521233320565
prune,1390,,0.8826089257480049,0.5432163677149063
prune,2055,,0.8827672420437273,0.5431037908726984
prune,2253,,0.8833049203850045,0.543224401749071
prune,1895,,0.883952328756214,0.5434122032789979
prune,651,,0.8839716918353588,0.5432135650053312
prune,576,,0.8840202474054065,0.5430326692543566
prune,2571,,0.8840991105949728,0.5428701881753241
prune,2706,,0.8842125167284187,0.5427287091963459
prune,1776,,0.8843845784152721,0.5426230184159417
prune,822,,0.8848512307942165,0.5426978609960872
prune,785,,0.8848785097846202,0.5425029205546539
prune,27,,0.8851494353481528,0.5424571648666349
prune,1479,,0.8860640499046812,0.5428056687449276
prune,1875,,0.8863434589749183,0.5427646405842369
prune,1115,,0.8863476124842449,0.5425547920434871
prune,2950,,0.886457810523148,0.5424096624250352
prune,2367,,0.8866274729449424,0.5423007015380272
prune,1293,,0.8866399404353644,0.5420953550796923
prune,331,,0.8874041463727006,0.5423494572380447
prune,939,,0.887528192665037,0.5422119401294666
prune,2095,,0.8880009172120903,0.5422872309712663
prune,2985,,0.8880151585255307,0.5420822214074271
prune,1944,,0.8885471459002722,0.5421930865601396
prune,2755,,0.8893312402306812,0.5424574946785952
prune,73,,0.8894921962073638,0.542341430626594
prune,1508,,0.8903298818653207,0.5426377803460036
prune,694,,0.8903967630308262,0.5424639406211338
prune,1849,,0.8904130059796392,0.5422590332507845
prune,1308,,0.8909725064953463,0.5423847874950225
prune,307,,0.8910867480987933,0.5422391556647365
prune,1597,,0.8911039819758569,0.5420342639275104
prune,2376,,0.8911233508485672,0.5418304647689393
prune,2852,,0.8913230759468769,0.5417361288262578
prune,1118,,0.8916211611302743,0.5417013364484035
prune,431,,0.8917867103100214,0.541585753643672
prune,1769,,0.8918734279123381,0.5414220557272013
prune,1569,,0.8919682845531612,0.5412630774675683
prune,2982,,0.892412344627506,0.5413157941301671
prune,1792,,0.8928012387347454,0.5413347525936782
prune,2491,,0.8928576994790364,0.5411518483490121
prune,543,,0.8929031216613325,0.5409620362884244
prune,2280,,0.8929510187390031,0.5407735086495568
prune,1356,,0.8931129871108552,0.5406538519156218
prune,2849,,0.8938480427779627,0.5408809043673307
prune,844,,0.8948802422852205,0.5412874218359961
prune,200,,0.8954575118789668,0.5414183315157932
prune,295,,0.8961594799414995,0.5416243196730106
prune,855,,0.8963511007763075,0.541521491183374
prune,925,,0.8963600040831544,0.5413080206592544
prune,1314,,0.8967120405109464,0.5413015710656364
prune,2990,,0.8983602114040753,0.542077312849788
prune,1997,,0.8986245579735227,0.5420174443461634
prune,2366,,0.8986367683553078,0.5418052221661691
prune,2759,,0.898759735015327,0.5416595688773166
prune,477,,0.8988041899309389,0.5414663594642326
prune,816,,0.8989844386726203,0.5413547420706393
prune,893,,0.899072706367898,0.5411874831822309
prune,1154,,0.8996895490990441,0.5413381881622189
prune,781,,0.899895022178695,0.5412410197492744
prune,2981,,0.9000272543028589,0.5410995432987276
prune,1917,,0.9000749839071374,0.5409070201824068
prune,2970,,0.9004431942546613,0.540906883460562
prune,1955,,0.901233578700204,0.541160082171229
prune,2183,,0.9013830882434105,0.5410280553301267
prune,157,,0.9014962344425059,0.5408739560870157
prune,1183,,0.9017357473968634,0.5407954412840231
prune,2212,,0.9019767650599052,0.5407175651492304
prune,2518,,0.9038897972662648,0.5416418388883047
prune,2371,,0.9045535919508982,0.5418168690027725
prune,1767,,0.9045870563029502,0.5416139600028472
prune,2459,,0.9047580667438466,0.5414931878828682
prune,1559,,0.9051263289330612,0.5414902267785336
prune,118,,0.9054237872322306,0.5414446119469721
prune,1726,,0.9057615541196106,0.5414228251270363
prune,1835,,0.9071194647137046,0.542010592599324
prune,772,,0.9073878511266036,0.5419468190674126
prune,1760,,0.9079099822473923,0.5420343350071017
prune,1197,,0.9081786728491544,0.5419702067725913
prune,321,,0.9082605094488191,0.5417942873152578
prune,2889,,0.9088895748282518,0.541944587519372
prune,2961,,0.9088984190782363,0.5417246913349513
prune,2672,,0.9093078947369047,0.5417433756448634
prune,2986,,0.9093714955565249,0.5415556756781169
prune,2884,,0.909533037525491,0.5414260715985442
prune,1048,,0.9100829346357443,0.5415274092612969
prune,1593,,0.9100862715637911,0.5413031673152368
prune,264,,0.9101135015597474,0.5410929135602223
prune,1231,,0.9103733756183827,0.5410207555809782
prune,483,,0.9108908481734745,0.5411014186690025
prune,1694,,0.911022983845832,0.5409528304869057
prune,2653,,0.9120291727709494,0.541323030193387
prune,2208,,0.9122715596274872,0.5412394198676374
prune,1556,,0.912956667779923,0.5414182151644307
prune,3048,,0.9132214768071854,0.5413473718006805
prune,2521,,0.913473185328091,0.5412684811711765
prune,2920,,0.9136684841971414,0.541155884472996
prune,1738,,0.9140153509850398,0.5411327991104863
prune,1170,,0.9144352358485139,0.5411526475609415
prune,188,,0.9152018659274404,0.541377397200107
prune,1703,,0.9155120243407353,0.541331719598056
prune,841,,0.9157440475633801,0.5412395451997107
prune,2198,,0.9159853729971615,0.5411525919299164
prune,2302,,0.9160115690502304,0.5409382536496059
prune,463,,0.9165626949449739,0.5410336934069974
prune,874,,0.9167803426234145,0.5409319264639664
prune,315,,0.916791106691985,0.5407078057157173
prune,2620,,0.9170623010089498,0.5406370601472261
