action,id_i,id_j,cap,cost
prune,242,,0.0028551249071223418,0.007689511783455359
prune,1120,,0.012341706701070479,0.03322861038519746
prune,2401,,0.05412925737963186,0.14569619049887328
prune,1966,,0.06345350580780347,0.17074752774728452
prune,2559,,0.06883341431086591,0.18517518760591378
prune,596,,0.09117121012862357,0.2452078343754145
prune,1623,,0.09271474484098166,0.24929818446039004
prune,62,,0.09445842877398736,0.2539249246168351
prune,1397,,0.10645451415059756,0.28610637207964046
prune,1969,,0.10837394278651336,0.2911976353905423
prune,74,,0.11364127845363421,0.3052815567226929
prune,2077,,0.11434408406963917,0.30710003728564444
prune,369,,0.11487585997298377,0.30845855360451024
prune,1665,,0.11677126882254057,0.31347765905037506
prune,2519,,0.12149474392896382,0.32608618349329105
prune,2110,,0.12159774391096013,0.32629072951597804
prune,2293,,0.12822717210206844,0.3440060480170515
prune,278,,0.12825047222783775,0.3439946990204539
prune,1386,,0.12849707594920876,0.3445821996733857
prune,350,,0.13325157811956623,0.3572568331023781
prune,1038,,0.1391002410462695,0.3728609010668009
prune,2404,,0.13956431936437058,0.37402814229760173
prune,3023,,0.14046097608177427,0.376354209933506
prune,2814,,0.1422657015988139,0.3811124822064174
prune,2465,,0.14424582393776703,0.3863392160154309
prune,2841,,0.1453794306278725,0.38929738308885514
prune,2671,,0.14640190169422657,0.39195712606784633
prune,1194,,0.14733823796772041,0.39438552075033423
prune,2795,,0.14812412870548208,0.3964105492187301
prune,171,,0.14819643523901183,0.39652542937398577
prune,825,,0.14925283017508917,0.39927316125823276
prune,1826,,0.14947339378719515,0.3997843043620973
prune,1411,,0.14995538349967663,0.40099444091815495
prune,235,,0.15004394474282354,0.401152223494576
prune,123,,0.15083617905113234,0.4031911177711607
prune,1399,,0.15265870218398875,0.4079832753166004
prune,2539,,0.15276350481939677,0.40818380460189324
prune,2896,,0.153007184810678,0.40875529868623234
prune,3047,,0.15349681373838037,0.409983613515544
prune,995,,0.15400524863320778,0.4112618024467305
prune,1625,,0.1561409953286411,0.41688502180994513
prune,614,,0.15757734117832523,0.42063956804632785
prune,1026,,0.1577883379077235,0.4211223625051597
prune,580,,0.16035927975882228,0.4279031585926829
prune,852,,0.16061650681535602,0.4285086806139995
prune,987,,0.16094125309334745,0.4292941440403242
prune,2151,,0.16178190432081532,0.43145544113096057
prune,1217,,0.16222464701400688,0.43255506036536107
prune,522,,0.162483778927155,0.4331648253531142
prune,2119,,0.16299417173114222,0.4344442133854011
prune,1374,,0.16326254929586975,0.43507822595654744
prune,1427,,0.1644841948664974,0.43825230803414417
prune,1410,,0.16473701017001458,0.43884437888507677
prune,521,,0.16496196241502378,0.43936205209603174
prune,2334,,0.16532270651342196,0.4402412219562849
prune,1747,,0.16538317829444651,0.44032058216982867
prune,1631,,0.16651241507520018,0.4432452810546723
prune,746,,0.166884439244347,0.44415371308699864
prune,1424,,0.16723939090294043,0.4450164662069197
prune,2070,,0.16728987570323986,0.44506884377798184
prune,1268,,0.16763250027061508,0.4458983670051323
prune,1394,,0.16794017442314846,0.44663470185248333
prune,1172,,0.1681699482993771,0.44716366566587257
prune,2483,,0.16826283304489323,0.4473284962069441
prune,1994,,0.16828901351944262,0.44731592053322955
prune,2743,,0.16898870979470823,0.4490934634693336
prune,2321,,0.169124535876125,0.44937212406957483
prune,700,,0.16972958948736686,0.45089740100267434
prune,33,,0.1698002951281627,0.45100282419223087
prune,239,,0.1698455411608127,0.4510405616925913
prune,156,,0.17023131583389856,0.45198252471176864
prune,1319,,0.17051187908419327,0.45264490457415
prune,1555,,0.1705806875218514,0.45274498856938217
prune,2761,,0.17082045523975328,0.4532987442202828
prune,2024,,0.17091877314336493,0.45347699164669797
prune,708,,0.17169590758539743,0.4554561212628353
prune,17,,0.17188859061134165,0.45588446731243804
prune,663,,0.17198369036202318,0.45605387671218534
prune,1864,,0.17267413188415082,0.45780184655694106
prune,1782,,0.17288967194513613,0.458290362308042
prune,1803,,0.1729519766519478,0.4583725533334893
prune,2243,,0.1732730349405764,0.4591404371058523
prune,1230,,0.1741702401785479,0.461434757768747
prune,2856,,0.17459033392439402,0.46246456971023364
prune,517,,0.17471235300208074,0.46270459100581357
prune,2284,,0.17474055295071114,0.4626960579226743
prune,1337,,0.17529652529306824,0.46408493970830067
prune,524,,0.17552887309459195,0.4646167440944986
prune,443,,0.17566142455743688,0.4648842477049183
prune,80,,0.17620377236828008,0.46623614667986996
prune,467,,0.1764182441491506,0.46672018830686
prune,379,,0.1764240312302862,0.4666520198692495
prune,2459,,0.17661948262771424,0.467085484418798
prune,2945,,0.17684942450146884,0.4676100300798014
prune,2246,,0.17732770179213428,0.46879104100256563
prune,1153,,0.17759636455838393,0.46941763949834214
prune,1462,,0.1777343687654339,0.4696987246329825
prune,2855,,0.17868611888065647,0.47213015600658886
prune,3014,,0.1793971008329393,0.4739249152775513
prune,740,,0.17969484997222918,0.47462763819933784
prune,1247,,0.1800531589766798,0.47549013615283614
prune,670,,0.18012451676663968,0.47559464724725015
prune,1953,,0.180206243289557,0.47572647192855344
prune,206,,0.18060087334889985,0.4766842489969343
prune,538,,0.18106423623036585,0.4778232125899495
prune,71,,0.1811185218871899,0.47788238907101255
prune,412,,0.18119880599709368,0.4780101071976226
prune,1686,,0.18127959607773578,0.4781390925613575
prune,1835,,0.1813338584015774,0.4781980421453145
prune,701,,0.18144774043166365,0.47841415893808775
prune,1905,,0.18146570298845272,0.4783772889304059
prune,2682,,0.1815653886947432,0.4785558169487192
prune,2698,,0.18165395713272492,0.4787049660687825
prune,2869,,0.1820479746975123,0.47965896933825236
prune,2206,,0.1821364547864739,0.4798077311322289
prune,2242,,0.1822042278765884,0.4799018730451947
prune,469,,0.1827510696333743,0.4812577408457352
prune,2513,,0.1828965973678277,0.48155650094842417
prune,1407,,0.18291446336410608,0.48151903950329816
prune,1431,,0.18320863032024867,0.4822088900555523
prune,1838,,0.18332760251395508,0.48243745728108606
prune,586,,0.1834067079132483,0.4825610276752156
prune,102,,0.1840601951384539,0.4841957694251943
prune,177,,0.18408056156789498,0.48416467056482443
prune,315,,0.1846222868270265,0.485504786471971
prune,493,,0.1847238784614087,0.48568719539933697
prune,149,,0.1847502729471472,0.48567181621247135
prune,40,,0.185178060060557,0.4867115680016649
prune,953,,0.18555185644036395,0.48760918104878764
prune,244,,0.1861736731974011,0.4891583515010934
prune,575,,0.1863275101723788,0.48947762298874803
prune,417,,0.18666404438680237,0.4902767310065262
prune,2827,,0.18668613620739946,0.4902497680954885
prune,1766,,0.1871181473795717,0.4912992341681713
prune,1874,,0.18738899554335398,0.4919253202848413
prune,2490,,0.18767931610806504,0.4926023690499081
prune,1724,,0.18812227794265238,0.4936798901359509
prune,305,,0.18855972690510195,0.49474271047660706
prune,2719,,0.18860369457842,0.49477288855780144
prune,1591,,0.18881656408128536,0.4952461042108878
prune,175,,0.1888302756088658,0.4951968243496562
prune,2289,,0.188833527486007,0.49512007962369525
prune,1807,,0.18925130228690107,0.4961301773126048
prune,1619,,0.18934170303541586,0.4962818324587508
prune,1899,,0.18963132655144802,0.4969555971883808
prune,96,,0.18965400095728127,0.49692962469628843
prune,775,,0.18985998813040092,0.4973839263297376
prune,2652,,0.1901102975144395,0.49795421788818467
prune,1554,,0.1905010391781687,0.4988921997550046
prune,420,,0.19063132780965844,0.49914789143281396
prune,1292,,0.19071488631318384,0.4992811374588683
prune,1999,,0.19080982220984116,0.4994441020515297
prune,779,,0.1909844773238251,0.4998156594819556
prune,1950,,0.19111130664937456,0.5000619468930579
prune,101,,0.1913701524875814,0.5006535827748868
prune,2552,,0.19163931872356663,0.5012720735975745
prune,2203,,0.19210030984661336,0.5023921735909691
prune,1416,,0.1921210519550146,0.5023606729841641
prune,550,,0.19235161637015621,0.5028777807924285
prune,1774,,0.19261023459252566,0.5034681006050215
prune,1601,,0.192865007790845,0.5040482266709893
prune,895,,0.192875209399418,0.5039890275295751
prune,2047,,0.19303179674258178,0.5043123058363111
prune,286,,0.19330206494765625,0.5049324880466926
prune,2218,,0.19356363553053652,0.5055298033311548
prune,2405,,0.19356845089225067,0.5054564054812039
prune,118,,0.1936030824480684,0.5054608335876087
prune,2871,,0.19370894038317107,0.5056511759753202
prune,2839,,0.19374868308860985,0.5056688568685573
prune,1368,,0.1944195663690607,0.5073337253395085
prune,2423,,0.1950012221764033,0.508765437890591
prune,1741,,0.19503187510773382,0.5087592769013639
prune,2486,,0.19503465933864048,0.5086803740335634
prune,1274,,0.19525379199807838,0.5091657131805738
prune,1795,,0.19546606328693913,0.509633036421593
prune,598,,0.1955857100704715,0.5098587405947277
prune,1882,,0.19572252481862001,0.5101291180737856
prune,439,,0.19598918446510744,0.5107378362223827
prune,1291,,0.19600542047481265,0.5106938155615538
prune,1250,,0.1960315664886175,0.5106755783795431
prune,1214,,0.19636455955692342,0.5114566632921788
prune,1613,,0.19653455635927486,0.5118130300519484
prune,2825,,0.19671707984024478,0.5122019172479959
prune,289,,0.19673715051810228,0.5121677077004025
prune,2989,,0.19690925306808565,0.5125292485265875
prune,3042,,0.19709707199379672,0.5129315950466545
prune,160,,0.1971152351826147,0.5128923113858695
prune,1913,,0.19731015590648843,0.5133129153204662
prune,1793,,0.19760284418797283,0.5139877576437987
prune,1697,,0.19768789108060839,0.514122343806947
prune,2774,,0.1976941795089925,0.5140520366343154
prune,1492,,0.1978918591280064,0.5144793636358508
prune,227,,0.19809399195883234,0.5149181559027214
prune,2169,,0.19837388821742485,0.5155589717392098
prune,2482,,0.19840179177064196,0.51554472462152
prune,75,,0.19866057181404584,0.5161303714588484
prune,2020,,0.19892794950403808,0.5167382191608727
prune,2987,,0.1990844870336256,0.5170580036956854
prune,1301,,0.1992675323409467,0.5174465398526084
prune,562,,0.19939434059589137,0.5176889357938769
prune,547,,0.1995504717396644,0.518007381415209
prune,454,,0.19963793161982135,0.518147468753085
prune,249,,0.19978313324078983,0.5184373564047611
prune,698,,0.19992487077658988,0.5187181648759306
prune,334,,0.19995366212214874,0.5187058348927132
prune,2846,,0.20000864531908205,0.5187614078278899
prune,2435,,0.20009086266461165,0.5188875651919067
prune,877,,0.20021760814913114,0.51912913261812
prune,256,,0.2003332386638789,0.5193417981798797
prune,225,,0.2003467015065933,0.51928952389631
prune,1688,,0.20044293361438825,0.519451749665941
prune,1272,,0.20047027864774639,0.5194353806826065
prune,1714,,0.20048121096418442,0.519376441770503
prune,340,,0.20051109184948687,0.519366556538342
prune,1430,,0.20057101345618192,0.5194344405666169
prune,520,,0.2007424303012325,0.5197910207906339
prune,2739,,0.2007771710623353,0.5197935946093103
prune,2877,,0.2008179907236904,0.5198118606736055
prune,2861,,0.20090781351826256,0.5199569236391106
prune,381,,0.20100373263308455,0.5201176966352491
prune,883,,0.20123711799530164,0.5206341125819924
prune,2322,,0.20130105822621341,0.5207120145873554
prune,1695,,0.20149270922036328,0.521120217689526
prune,2317,,0.20150770043001676,0.521071411202734
prune,269,,0.20150931913916925,0.520987986759834
prune,2731,,0.2015883830067552,0.5211047615148036
prune,2036,,0.20164703073357,0.5211686964590434
prune,324,,0.20173797377410924,0.5213160464518274
prune,1691,,0.20226514393728098,0.522590611000957
prune,971,,0.20228300315616873,0.522549013395005
prune,1646,,0.20250405125059148,0.523032274054495
prune,545,,0.20253748834649077,0.5230308418607627
prune,1139,,0.202623498371514,0.5231651302746183
prune,1346,,0.20273398289245292,0.5233625458137467
prune,629,,0.20286843498354434,0.5236217596719414
prune,1473,,0.20296331393662403,0.5237787451018937
prune,1898,,0.20302629591582957,0.5238533445465683
prune,721,,0.20304877982351396,0.5238233910949138
prune,519,,0.2031983829999158,0.5241213430479439
prune,832,,0.20327052716645636,0.5242194063339914
prune,1239,,0.203313611268911,0.5242424639786971
prune,1895,,0.2033138207438882,0.5241549184955445
prune,648,,0.20372197001789405,0.5251190512713034
prune,2595,,0.20382418342877373,0.525294391293738
prune,1693,,0.20382706185023783,0.525213649016811
prune,319,,0.20390080873763428,0.525315487246507
prune,1207,,0.20422677040598378,0.526067064221152
prune,341,,0.20440602924919402,0.5264405848215044
prune,1607,,0.20443726700123982,0.5264327735134972
prune,45,,0.20443746313849728,0.5263449826231471
prune,1836,,0.2044924218268242,0.5263981531023972
prune,695,,0.20451755901246935,0.5263745024935447
prune,2488,,0.20456678798278286,0.5264128163447663
prune,960,,0.20469882437311052,0.5266641710956605
prune,1188,,0.2047664308797559,0.5267496691326574
prune,2370,,0.20560730057041024,0.5288243218857774
prune,2527,,0.2059316187537962,0.5295700206833583
prune,846,,0.20594198252229529,0.5295081879791033
prune,2741,,0.2061193606989002,0.52987574661856
prune,3005,,0.20642936667822087,0.5305841621999488
prune,2766,,0.206436975309688,0.53051516177616
prune,482,,0.20646680870360704,0.5305032409712246
prune,2240,,0.2065112781985093,0.5305288829271353
prune,254,,0.20683439607509035,0.5312703401842305
prune,2978,,0.2070530910724838,0.5317434197047999
prune,1029,,0.2071048766679239,0.5317877266111889
prune,1380,,0.20713149089656213,0.53176734621018
prune,2185,,0.20716831245635556,0.5317731281339955
prune,275,,0.20720987771259214,0.5317910394742549
prune,2980,,0.20742341375106968,0.5322502639733275
prune,1011,,0.20744400035774327,0.5322142546355755
prune,616,,0.2074531785934514,0.5321489341772427
prune,2414,,0.207499571822944,0.5321790408625655
prune,2577,,0.20786337342925812,0.5330231803465151
prune,1692,,0.2080142055417311,0.533321022734844
prune,2484,,0.20804512222616547,0.5333113212513938
prune,1140,,0.20829008609404587,0.533850284943046
prune,1313,,0.20847456701517025,0.5342341029044546
prune,1480,,0.20867592740443794,0.5346610758863287
prune,530,,0.208680486353693,0.5345836924266826
prune,190,,0.2087519377594644,0.5346776380752891
prune,620,,0.20880033189637343,0.5347124654537823
prune,2445,,0.20885218801995498,0.5347561070554705
prune,2977,,0.20887591068853253,0.5347276594751196
prune,1466,,0.20924543011745533,0.5355844399395533
prune,54,,0.20967827848430812,0.5366031539973594
prune,258,,0.20976351946905322,0.5367320675905032
prune,2098,,0.2100650987238816,0.537414486274869
prune,2221,,0.2100691629047668,0.5373356028453237
prune,1560,,0.21007874558190193,0.5372707996283049
prune,108,,0.2101128895064671,0.5372687749211063
prune,2817,,0.21014500281805942,0.5372615110033785
prune,1389,,0.21020884038867385,0.5373353102296191
prune,1858,,0.21033892575427846,0.5375783991432637
prune,2757,,0.21039240977512524,0.537625626242559
prune,385,,0.21039796584221573,0.5375503237917908
prune,2926,,0.21045645116021433,0.5376102184568978
prune,1897,,0.21053191283238476,0.5377134248220685
prune,458,,0.21058343582704905,0.5377554268716082
prune,1580,,0.21059363292350008,0.5376918412763145
prune,2273,,0.2108053421270814,0.5381427360721219
prune,1070,,0.21112033947089298,0.5388572017710855
prune,1321,,0.21125444558963397,0.5391098071340592
prune,2053,,0.21128488166981207,0.5390977625667082
prune,1985,,0.21135858730919022,0.5391960786324004
prune,2755,,0.2114594433919965,0.5393635991263446
prune,2359,,0.21154988238302164,0.5395044777936644
prune,2922,,0.21158603476705168,0.5395068414032262
prune,59,,0.21171469222322015,0.5397450355228393
prune,1510,,0.2118886170469193,0.5400985572858016
prune,1655,,0.21196114160921162,0.5401935088767084
prune,2812,,0.21221399399243485,0.5407479878331612
prune,2234,,0.2122655372114165,0.5407893671800961
prune,2107,,0.21229263280171665,0.5407684061868511
prune,2916,,0.21236369332836802,0.5408593947058922
prune,855,,0.21297106064198662,0.5423162597166474
prune,1597,,0.21302260613183602,0.5423574743297658
prune,1403,,0.21304442090837547,0.542322938751913
prune,931,,0.21304862566467134,0.5422435309846398
prune,1,,0.21312511217842042,0.5423480608001948
prune,2450,,0.2131360613449661,0.5422857480714671
prune,2062,,0.21333252828138632,0.5426954266577598
prune,2801,,0.21360246890143883,0.5432919173474319
prune,1757,,0.21361352672136555,0.5432297980926449
prune,1434,,0.2136387564053088,0.5432036802639482
prune,543,,0.21388676197249823,0.5437439720177775
prune,2944,,0.21393631844283345,0.5437796290718925
prune,2605,,0.21412386477319792,0.5441659849287649
prune,789,,0.2141715172941946,0.5441967090893162
prune,1788,,0.21420398988453845,0.544188808670008
prune,1204,,0.21430598156172342,0.5443574814293317
prune,1942,,0.2144453407813807,0.5446210038160288
prune,2771,,0.21446998455508542,0.5445930937953246
prune,1551,,0.21456666635716903,0.5447480680273236
prune,808,,0.21463866967230347,0.5448403169769288
prune,633,,0.2148455913798707,0.5452749945943671
prune,2590,,0.21486060900587772,0.5452225003673609
prune,803,,0.21492532827489244,0.5452960902114353
prune,820,,0.21515439659515057,0.5457866128608633
prune,2136,,0.21528756067718485,0.5460337318691124
prune,437,,0.21538935486757405,0.5462012038199194
prune,2199,,0.21541884562005537,0.5461852464298255
prune,212,,0.21558644768824886,0.5465194300609063
prune,2374,,0.2158618105378152,0.54712670820429
prune,1086,,0.21588250256978117,0.5470883433316334
prune,2620,,0.21588437889003229,0.5470022508067831
prune,2021,,0.21595347026880402,0.5470864348559344
prune,638,,0.2159537693938132,0.5469962782892933
prune,2140,,0.21605411644769223,0.5471595085053288
prune,1837,,0.21606092315043032,0.5470857685341065
prune,1057,,0.21622079837933703,0.547399586512629
prune,2802,,0.21625150349964664,0.5473862872881278
prune,2781,,0.21629931224961013,0.5474162362570343
prune,2612,,0.2164127642993958,0.5476122703328075
prune,8,,0.2165162954804284,0.5477831253157871
prune,343,,0.2166354459503,0.5479934271928699
prune,53,,0.21667801902555553,0.5480099384781184
prune,182,,0.21684436826564696,0.5483394577337167
prune,185,,0.21686155430353246,0.5482916792249412
prune,2183,,0.21689976861203328,0.5482970258892412
prune,2139,,0.21698096811252549,0.5484109883864452
prune,796,,0.21702830081688684,0.5484392870429127
prune,44,,0.21707652277310593,0.5484697803514207
prune,357,,0.21708553636715264,0.5484011525747243
prune,1616,,0.21746312731436845,0.5492636179354764
prune,1022,,0.21750030117854854,0.5492660728830024
prune,489,,0.2178198378295775,0.549981571733887
prune,1062,,0.21785180420706282,0.5499708051460626
prune,2626,,0.2181095646781123,0.5505300333681639
prune,569,,0.2182443961907284,0.5507788441507622
prune,2951,,0.21830952409351215,0.550851657720716
prune,1444,,0.2183901309687355,0.5509634717793941
prune,2336,,0.21850987612021464,0.5511739657236174
prune,264,,0.21851489058467063,0.5510949734112144
prune,1925,,0.21858346097218498,0.551176236278974
prune,309,,0.21883480227400473,0.5517183290457817
prune,688,,0.21893778978737607,0.5518862648000816
prune,2594,,0.21896862846970644,0.551872254068965
prune,1144,,0.21898816528734966,0.5518297103489895
prune,1227,,0.21901926113418066,0.5518162515205889
prune,1459,,0.2191554588716942,0.5520675581410932
prune,1050,,0.21924204949044226,0.5521938147399362
prune,76,,0.2192807766689779,0.5521994499110406
prune,863,,0.21944285282978096,0.5525156681208275
prune,197,,0.2194885286327293,0.5525387110221781
prune,1713,,0.21954144135918066,0.5525799203575124
prune,2600,,0.2195517041323917,0.552513721898917
prune,1508,,0.2195748928842706,0.5524800124744979
prune,1885,,0.2197038048963998,0.5527122821084124
prune,1923,,0.2200034782981809,0.5533740766623949
prune,1792,,0.22030580943808897,0.554042423219733
prune,2388,,0.22038818628687867,0.5541574552778953
prune,2520,,0.22050350642464506,0.5543552611486341
prune,199,,0.22054259742361468,0.554361341351809
prune,2105,,0.2205449614892263,0.5542750495599912
prune,442,,0.2206405591359667,0.5544230435954581
prune,1161,,0.2206606463550581,0.5543812197549937
prune,2984,,0.22080461000272691,0.5546505874422784
prune,2874,,0.22092331738410678,0.5548564263227904
prune,1847,,0.22097732413346163,0.5548996849801481
prune,226,,0.22100903313054704,0.5548868937255569
prune,503,,0.22103969080125846,0.5548714144196855
prune,52,,0.22125621868520154,0.5553224924947274
prune,812,,0.22142325678504923,0.5556492465249901
prune,2318,,0.22175766507389666,0.5563959336059532
prune,1468,,0.22191509886239724,0.5566984256011129
prune,774,,0.22195517215207178,0.5567064058943689
prune,299,,0.22199310747830095,0.5567089724428278
prune,677,,0.22235452220432791,0.5575227371933247
prune,1028,,0.22235762328545214,0.5574378918932645
prune,2849,,0.22235964125152455,0.5573502914276661
prune,1630,,0.2223834330776807,0.5573172306348858
prune,514,,0.22252200141682937,0.5575717785928719
prune,1711,,0.22253574199999593,0.5575134514136788
prune,2545,,0.22255390724277777,0.5574661665640784
prune,132,,0.22256656302609937,0.5574050361597414
prune,583,,0.22258473319848784,0.5573576739521022
prune,485,,0.22299376229453946,0.5582890301906089
prune,265,,0.2230904110156884,0.5584381095788686
prune,631,,0.2232361922868816,0.558710113937051
prune,1644,,0.22328409560229553,0.5587370572169825
prune,475,,0.22328429454631765,0.5586445679216068
prune,1519,,0.22343917393804608,0.5589390581923223
prune,1077,,0.2234924982580949,0.5589794079634943
prune,2305,,0.2236202067642017,0.5592057535738388
prune,2065,,0.22365012059804718,0.5591874554931994
prune,2393,,0.22373991571230495,0.5593188355106322
prune,1224,,0.22385957663218184,0.5595248125893815
prune,384,,0.22411205872831624,0.5600627082796541
prune,1154,,0.22433484477095,0.5605262736026239
prune,2265,,0.2243484321288094,0.560467001560455
prune,535,,0.22434967145756468,0.5603768366216574
prune,441,,0.22446951002875676,0.5605828804881868
prune,1328,,0.22448768818485443,0.5605349535821434
prune,1700,,0.22455417284815868,0.5606076061114791
prune,830,,0.2246694561382688,0.560802032096905
prune,1707,,0.2247503087477722,0.5609104366277994
prune,126,,0.22477511630158475,0.5608788987343123
prune,2713,,0.22481454743159643,0.5608838053335025
prune,618,,0.22497282698155013,0.5611851857644548
prune,919,,0.22502561121449696,0.5612233130645098
prune,1025,,0.2250663084459101,0.5612312377572349
prune,2296,,0.2250947368244008,0.5612085149654303
prune,2099,,0.2251106177713378,0.5611544588478888
prune,718,,0.22519445595758025,0.5612697692870604
prune,699,,0.22530381683478565,0.5614486297567237
prune,24,,0.22531573315328174,0.5613845778943225
prune,198,,0.22564756409808692,0.5621176019735994
prune,607,,0.22581028739354886,0.5624291979901723
prune,1951,,0.2258936348896543,0.5625429935794503
prune,2257,,0.22617039694186025,0.5631384076818555
prune,752,,0.22627035650590094,0.5632934607310409
prune,957,,0.22627563958125776,0.5632127382594971
prune,1087,,0.22627772274082647,0.5631240087081895
prune,1206,,0.22630646521918318,0.5631015868183449
prune,433,,0.22632190562917473,0.5630460158733355
prune,2515,,0.22660419822695882,0.5636543097495819
prune,510,,0.22663889974403362,0.5636465932249741
prune,1516,,0.22666406812727796,0.5636151160834818
prune,1903,,0.2268879095583307,0.5640776287200898
prune,843,,0.22689792210337892,0.5640083982046792
prune,722,,0.22690612977535857,0.5639346374401157
prune,2285,,0.2269775900299958,0.5640180442815734
prune,2403,,0.2269856150570731,0.5639437511287372
prune,2645,,0.22711481056195804,0.5641704766419234
prune,1184,,0.22712538917565364,0.5641024556514987
prune,1939,,0.227160429251976,0.5640951477108193
prune,310,,0.22717962119209317,0.5640484318986885
prune,282,,0.22725467653879813,0.5641403757631304
prune,627,,0.22726368542292166,0.5640682939186077
prune,2579,,0.22758010344236837,0.5647591955050499
prune,2467,,0.2276049003665386,0.5647262455190807
prune,1955,,0.22773774254103074,0.5649613391752217
prune,1997,,0.2278285724809317,0.565092125870766
prune,1893,,0.22796943274969028,0.5653469434769304
prune,2195,,0.22800232402632514,0.5653339106614281
prune,2343,,0.2283123846179474,0.5660081058213253
prune,2441,,0.22844561082452922,0.5662437588219658
prune,2031,,0.22850272690591258,0.5662906698547007
prune,783,,0.2288665202597774,0.5670975902901627
prune,450,,0.2291317326232805,0.567660083811208
prune,474,,0.22927682025799836,0.5679248433065524
prune,1539,,0.22934382413694177,0.5679960945135998
prune,3069,,0.2294498526390486,0.5681639392249863
prune,1032,,0.229517725209623,0.5682372256630024
prune,1865,,0.22956108208943254,0.568249752452729
prune,896,,0.22986239198961284,0.5689007896676763
prune,723,,0.22986575017987465,0.5688142420130017
prune,1860,,0.23019958940143584,0.569545487206987
prune,1862,,0.23025405903429463,0.5695853614347076
prune,2028,,0.23049585994825084,0.5700886098942294
prune,2227,,0.2305520658986511,0.5701326898340063
prune,1921,,0.23063669349845142,0.5702470000205819
prune,1266,,0.23064049141347068,0.5701613832675926
prune,2323,,0.23066615387689315,0.5701297772629664
prune,2135,,0.23070659149093906,0.5701346433180586
prune,533,,0.23079706169528172,0.5702631060605641
prune,645,,0.23097825615951026,0.5706156792141059
prune,795,,0.23098738663453172,0.5705430647179661
prune,400,,0.23101158401619967,0.5705076230707807
prune,964,,0.23110995448745145,0.5706553208677181
prune,2914,,0.23112735560578224,0.5706030091731864
prune,1567,,0.23121995004918253,0.5707362964862721
prune,1391,,0.23127770253943364,0.5707835083249918
prune,1229,,0.2313271154129887,0.5708100788839819
prune,1383,,0.23134865741509605,0.5707678169594498
prune,2596,,0.23155831605076538,0.571189641000916
prune,336,,0.2316572019281428,0.5713381042607242
prune,1024,,0.23169724718803256,0.571341370621506
prune,712,,0.23182375769688635,0.5715578096303883
prune,1174,,0.2318731835923657,0.571584109809037
prune,371,,0.23209927199317446,0.5720458640306736
prune,1280,,0.23215444211119052,0.5720862345995043
prune,1758,,0.2321726348347279,0.5720354207446435
prune,653,,0.2323749758631313,0.5724382960987919
prune,817,,0.2324442355715342,0.5725132191691793
prune,2528,,0.23251449927630866,0.5725905535449035
prune,1657,,0.23256339016760344,0.5726151902136689
prune,1507,,0.23280090430416098,0.5731042233950525
prune,984,,0.2328824663543899,0.5732092079121354
prune,1471,,0.23324082447770883,0.5739954634249702
prune,1660,,0.23326051704912298,0.5739480903581717
prune,2111,,0.2333189703774119,0.5739960470117049
prune,539,,0.2333550932258439,0.5739890056516117
prune,11,,0.23338429861838486,0.5739648953835343
prune,2259,,0.2337534654487613,0.5747768542572681
prune,1371,,0.23378983392442657,0.5747703050319986
prune,2331,,0.23392765587284242,0.5750131399655832
prune,1056,,0.23393001071265665,0.5749228861576504
prune,1839,,0.23417535832511244,0.5754298197773468
prune,1746,,0.23432159625943288,0.5756930923650174
prune,1645,,0.234343795437129,0.5756515200568639
prune,3002,,0.23448580018931262,0.575904211126271
prune,994,,0.23453565487432268,0.575930484343569
prune,112,,0.23454482793018158,0.5758567961961407
prune,2310,,0.23458613486016325,0.5758619620868668
prune,2427,,0.2347624162997222,0.5761984286459199
prune,1044,,0.2348383547277309,0.5762885095285761
prune,681,,0.23491833542638457,0.5763884469486588
prune,2807,,0.23498832553081742,0.576463805480785
prune,865,,0.23502237116086314,0.5764509189578535
prune,609,,0.23511706890972034,0.5765867530369476
prune,250,,0.23521095996201372,0.5767205399832992
prune,2229,,0.23521136737924028,0.5766250292715244
prune,2690,,0.23533213610059361,0.5768245603106255
prune,1037,,0.23533398884837775,0.5767325220870564
prune,2055,,0.2354140444961241,0.5768321026199492
prune,900,,0.23547731845553552,0.5768904956398434
prune,884,,0.23553712504179702,0.5769403328086485
prune,910,,0.235538994621352,0.5768481867323751
prune,424,,0.23575409071681247,0.5772782315130934
prune,1863,,0.23576525097840278,0.5772087788162635
prune,2236,,0.2358692506922938,0.5773665856378741
prune,1040,,0.23588011055168293,0.5772963169961037
prune,259,,0.2359144712328162,0.5772835208978763
prune,2810,,0.23595423086996534,0.5772838834879975
prune,2150,,0.2361630761270799,0.5776979003740453
prune,1812,,0.23631972035721227,0.5779841174985486
prune,1092,,0.23642609278311696,0.5781472885651913
prune,2894,,0.2364576874154842,0.5781275174316203
prune,2178,,0.2364655598380841,0.5780496902278538
prune,1163,,0.23660790046643326,0.5783005497721487
prune,2014,,0.23670017609600788,0.5784289548661087
prune,2990,,0.2367508489264434,0.5784556194676904
prune,579,,0.2369740870594944,0.5789038831341192
prune,2489,,0.23701768982187252,0.5789131859294099
prune,675,,0.23711948074023612,0.5790645655556361
prune,1085,,0.2371315118778647,0.5789966598410776
prune,2790,,0.23721459142572066,0.5791021937131051
prune,1914,,0.23724988696079352,0.579091000782939
prune,2002,,0.23737849773260755,0.5793075365232757
prune,2313,,0.2373981301325524,0.5792580224584271
prune,490,,0.23749681053673571,0.579401349797924
prune,2647,,0.237497987828999,0.5793067213558911
prune,2158,,0.2375178855103933,0.5792577131976777
prune,2660,,0.23755808467569528,0.5792581690235385
prune,1559,,0.23760885637898688,0.5792843508367178
prune,1263,,0.23763958361116838,0.5792616033170169
prune,913,,0.23764686581674227,0.5791816501957078
prune,1916,,0.23783006549892366,0.5795304148259107
prune,624,,0.2378910961903766,0.5795813739700194
prune,409,,0.23792979589195304,0.5795778628998414
prune,532,,0.2379460329385165,0.5795195757082335
prune,597,,0.23795641838284956,0.5794469862760752
prune,906,,0.2379594252320811,0.5793563798578651
prune,1412,,0.23797066115411789,0.5792857635338964
prune,393,,0.2380091335006831,0.5792814038221925
prune,2496,,0.2380254369498262,0.5792230290718342
prune,2535,,0.23813047631536602,0.5793805526282879
prune,1517,,0.23826019960618705,0.5795980642922657
prune,878,,0.2382772370687073,0.5795413568556325
prune,1857,,0.23848940421142467,0.5799592269650334
prune,16,,0.23849716866863155,0.5798798980093548
prune,2092,,0.2385147908206998,0.5798244905894837
prune,1961,,0.23852276136447553,0.5797455683262628
prune,1126,,0.2385729130020631,0.5797691285983254
prune,1531,,0.23859753780336082,0.5797305918427176
prune,2016,,0.23879942327323783,0.5801227283210285
prune,936,,0.23885760869542222,0.5801656497238633
prune,1849,,0.23892134196294312,0.5802219862755505
prune,1443,,0.23895324273755014,0.5802009499620453
prune,2796,,0.23902501757570657,0.5802766835387693
prune,2104,,0.23908766619456262,0.5803301955630042
prune,3017,,0.2391851529830244,0.5804682124570462
prune,1598,,0.23920123213608066,0.5804085806185548
prune,2835,,0.2394512849861635,0.580916659661443
prune,944,,0.239533127901474,0.5810165194260287
prune,449,,0.23959496528898133,0.5810677829897904
prune,387,,0.2396937045541241,0.5812084850352035
prune,2042,,0.23975092808948706,0.5812484417436308
prune,395,,0.23976082606350066,0.5811735944523142
prune,14,,0.23977358835665843,0.5811056414735373
prune,2754,,0.23989151972627457,0.5812925389359712
prune,761,,0.23992188506963444,0.5812671604772516
prune,2408,,0.2399860776528802,0.5813236874242026
prune,2880,,0.23998811095201322,0.5812295715457471
prune,786,,0.2401027782096254,0.5814082156401209
prune,938,,0.24021045125877827,0.5815698463540595
prune,1605,,0.2402267821847812,0.5815102412955049
prune,2211,,0.24035193210167416,0.5817140177362803
prune,213,,0.24048519872134969,0.5819373615423596
prune,394,,0.24049269975610504,0.5818562710349527
prune,2311,,0.24049709741950986,0.5817676226094153
prune,184,,0.24070101712791458,0.5821616063118472
prune,1265,,0.24072554986856282,0.5821215957401558
prune,2514,,0.24072666736128548,0.5820249053040472
prune,738,,0.24078744146076403,0.5820724137146591
prune,251,,0.24082116428698266,0.5820544622217938
prune,2495,,0.24084632332400696,0.5820157551968449
prune,135,,0.24089833337783303,0.5820418854721552
prune,1748,,0.24122257213837858,0.5827257398198138
prune,3059,,0.24136856269363124,0.5829788393539668
prune,325,,0.24147799431315134,0.5831435480795101
prune,1016,,0.2415396436329252,0.5831927850524449
prune,1192,,0.24158798616146898,0.5832098279086048
prune,1685,,0.24159585633992203,0.5831291014084948
prune,2188,,0.24170381692211607,0.5832899254482877
prune,1452,,0.24191179895666723,0.5836920675808582
prune,279,,0.2421037763466138,0.5840554915252977
prune,392,,0.24229005652789662,0.5844050755068905
prune,1453,,0.24233706913394112,0.5844186284417714
prune,2976,,0.24244758733162416,0.5845852822426691
prune,1305,,0.24252596126900283,0.5846743499696297
prune,753,,0.24283419068350506,0.5853175180427768
prune,771,,0.24292998709887795,0.5854484876488698
prune,3031,,0.24313288664660215,0.5858375170603082
prune,1036,,0.2431943421168785,0.5858856106403557
prune,992,,0.24323534904974561,0.5858843745589805
prune,2830,,0.24325298392285322,0.5858267796715478
prune,253,,0.24341914853627825,0.5861268620928121
prune,1649,,0.2434334940654305,0.586061266347347
prune,1682,,0.24351813199504257,0.5861648582679763
prune,2872,,0.24354681758886992,0.586133690656494
prune,1667,,0.2437767598371771,0.586586857957678
prune,1145,,0.24385402380714183,0.5866725139225671
prune,2456,,0.2439793612011744,0.5868737678246759
prune,2756,,0.24402771090603292,0.5868897418352463
prune,2298,,0.2440607763053151,0.5868688939849346
prune,2878,,0.2441551803270384,0.5869954950290724
prune,665,,0.24415632991523195,0.5868978072140548
prune,1090,,0.24416905239517414,0.5868278909238542
prune,1408,,0.24429676514813192,0.5870343064641745
prune,372,,0.2443760439145405,0.5871242495281933
prune,63,,0.24467517506430353,0.5877423681899588
prune,2371,,0.24468856444413284,0.5876739273770382
prune,2315,,0.24475128514681685,0.5877239230444861
prune,383,,0.24479489925486816,0.5877279705234619
prune,2283,,0.24495368473808035,0.5880084936210647
prune,144,,0.24504927672381516,0.5881372237326651
prune,515,,0.24505833803985433,0.5880581865367628
prune,2897,,0.24509865063893688,0.5880540960101959
prune,1415,,0.2451096135113279,0.5879795239767994
prune,61,,0.245194758445556,0.5880828641271248
prune,707,,0.24524894191865398,0.5881118703669664
prune,2585,,0.24543824192636807,0.5884648503709482
prune,42,,0.24546736634406321,0.5884336697109569
prune,625,,0.24550248251579254,0.5884167970889169
prune,87,,0.24575306766979127,0.5889163377673668
prune,2330,,0.24577354921498315,0.5888643149567467
prune,1123,,0.2457789180295969,0.5887760253824929
prune,140,,0.24580517340240488,0.5887377233008415
prune,2569,,0.24581565030516273,0.5886615708040526
prune,849,,0.24588395725416923,0.5887238634842094
prune,2753,,0.24590358194439538,0.5886695209003182
prune,263,,0.24591260690294695,0.588589747145482
prune,2184,,0.24591541941741177,0.5884950507493946
prune,947,,0.24621835241563744,0.5891185691811617
prune,2616,,0.24622141538073453,0.5890244240923789
prune,1518,,0.24628298769166374,0.5890702078866157
prune,1785,,0.2463312588768615,0.5890841105507171
prune,1919,,0.24648370484952192,0.589347097171419
prune,2004,,0.24664717030821431,0.589636347862485
prune,2873,,0.24668987838102807,0.5896368051749269
prune,1100,,0.24669449555093884,0.5895461506781816
prune,1501,,0.24671489025953558,0.5894931524177032
prune,2175,,0.24675500185114052,0.5894872134380922
prune,189,,0.24679508786076204,0.5894811535163088
prune,730,,0.24687328061232988,0.5895660602611251
prune,594,,0.24699970884832603,0.5897660996827749
prune,1780,,0.2470521823012064,0.5897894624939288
prune,2845,,0.24707947490606672,0.5897526434859173
prune,1740,,0.2471167369949341,0.5897395653314856
prune,2759,,0.24716673380339943,0.5897568212410192
prune,1943,,0.2471801365279136,0.5896866921206582
prune,1171,,0.24724417177331315,0.5897373099507615
prune,2222,,0.24733618083209633,0.589854591410837
prune,1743,,0.24775288149167854,0.5907461938308425
prune,2017,,0.2477830001994067,0.5907158063171638
prune,1615,,0.2480624495364368,0.5912798119535272
prune,1101,,0.24819083826456,0.591483608037009
prune,456,,0.24829952592037263,0.5916403689090697
prune,438,,0.24841844211911027,0.5918214280432301
prune,215,,0.24849419874329293,0.591899579447782
prune,563,,0.24875177107929047,0.5924107713149087
prune,926,,0.24883774257701463,0.5925131486560357
prune,307,,0.24886324770042156,0.5924714660932806
prune,755,,0.24902911215922427,0.5927639075865875
prune,1165,,0.24903135481921443,0.5926667608076283
prune,448,,0.24905955793517154,0.5926313497724379
prune,435,,0.24916231461121893,0.5927732931904318
prune,1672,,0.24923147874047286,0.5928352367582752
prune,1326,,0.2492810451529744,0.5928504932570301
prune,1972,,0.24934462784586778,0.5928990236134547
prune,1218,,0.2494181088572395,0.5929710262954525
prune,2312,,0.2494643449482487,0.5929781829874907
prune,2952,,0.2494768742317245,0.5929051497963921
prune,1002,,0.2496722237999739,0.5932665858420187
prune,821,,0.2497805034321744,0.5934210158942368
prune,595,,0.24979685271853255,0.5933569470233026
prune,1104,,0.24980822248773502,0.5932809933172702
prune,902,,0.2498528802790633,0.593284048465751
prune,529,,0.25024515033104155,0.594112524531019
prune,339,,0.2502629467499625,0.5940517441775163
prune,1506,,0.2504632142168988,0.5944240758836857
prune,1352,,0.25046906604122215,0.5943348674941046
prune,934,,0.25049528129428045,0.5942939294084668
prune,767,,0.2505190698969135,0.5942471754421268
prune,2335,,0.2506484476219588,0.5944508480763576
prune,1933,,0.2508331012545392,0.5947855455699675
prune,749,,0.25086176844964325,0.5947502386373364
prune,1413,,0.25096232822703113,0.594885331597717
prune,2567,,0.2511323814354695,0.5951850916970798
prune,1432,,0.25113243512524036,0.5950818292767042
prune,313,,0.2511635311675429,0.5950520777858691
prune,2413,,0.251177855747548,0.5949825287457631
prune,232,,0.2512172156653891,0.5949722314554641
prune,2386,,0.2512621056263349,0.594974970788836
prune,2142,,0.2512687078899498,0.5948869767118892
prune,2797,,0.2512796589672524,0.5948092249450708
prune,1178,,0.25137167921309744,0.5949233338509352
prune,1614,,0.2513723154953347,0.5948210726299953
prune,2086,,0.2515799989686257,0.5952087329473373
prune,1971,,0.2516099360270991,0.5951757330187826
prune,2928,,0.2516572817828205,0.5951838563921306
prune,1967,,0.25173804867481264,0.5952709654810594
prune,1632,,0.25180830211313293,0.5953331409340764
prune,1402,,0.25186880869305983,0.5953722019012019
prune,2531,,0.25190932953006395,0.5953639496246901
prune,2820,,0.25197747363568324,0.5954209253554242
prune,129,,0.25205646882629357,0.5955034758056884
prune,2508,,0.25208344959330525,0.595463057048976
prune,2782,,0.2522861847785881,0.5958377742930808
prune,1438,,0.2525289657898478,0.5963069801429246
prune,1369,,0.2525801319530539,0.5963235741259261
prune,1260,,0.25259956235442693,0.5962651711159856
prune,1074,,0.252640087808299,0.596256509370832
prune,2910,,0.2527096234510418,0.5963162576745008
prune,1162,,0.2529182820145188,0.5967042513985458
prune,1880,,0.2530433503283837,0.5968949172056267
prune,2212,,0.25309532372990545,0.5969130666382128
prune,1650,,0.2531171329230597,0.5968600039680451
prune,2127,,0.2532074961827233,0.5969685491817
prune,1118,,0.2532379617840598,0.5969357926188761
prune,1928,,0.2534471381412467,0.5973242701306893
prune,1400,,0.25350842492806686,0.5973640730144334
prune,2659,,0.25354304651126536,0.5973409695489476
prune,2550,,0.25363253895012255,0.5974470895517464
prune,2615,,0.2536784548699421,0.5974504800952006
prune,1979,,0.2537996982717821,0.5976312288130655
prune,2230,,0.25393722121149226,0.5978502344623514
prune,234,,0.2540646509380359,0.5980453916203929
prune,3030,,0.25441445914991107,0.5987639711795535
prune,1641,,0.2544328606111617,0.5987023903212351
prune,3007,,0.2544625995110791,0.5986674310185479
prune,1160,,0.2545686352220686,0.5988119275650424
prune,1796,,0.25476786833247966,0.599175590620204
prune,2485,,0.25486077626573733,0.5992890747408747
prune,1051,,0.25501394203622096,0.5995441893443502
prune,1568,,0.2550900307329664,0.5996179911752009
prune,1954,,0.255104708412851,0.5995473559340851
prune,1395,,0.2552062061542648,0.5996807248310344
prune,3028,,0.25524002961199743,0.5996549832705285
prune,1023,,0.25530806427423125,0.5997095614109152
prune,261,,0.25535107177681604,0.5997052770433717
prune,632,,0.25563675807826786,0.6002709221770949
prune,179,,0.25567205407886273,0.6002484499088264
prune,1124,,0.25572014462674275,0.600255955599153
prune,954,,0.25574242147921505,0.6002027975696788
prune,1286,,0.2558531566848416,0.6003572008403953
prune,1401,,0.2558865787385504,0.6003300950332401
prune,1469,,0.25595565624080713,0.6003865844926807
prune,2481,,0.2560364447266627,0.6004704764682115
prune,2189,,0.2561174107601817,0.6005547124635207
prune,508,,0.2561236496688981,0.6004636371818585
prune,3022,,0.25621900141801746,0.6005814418775002
prune,1753,,0.2563388345244441,0.6007565608410502
prune,970,,0.25643166187269123,0.6008683028519792
prune,2695,,0.25645700588359754,0.600821829385992
prune,131,,0.25665712614367553,0.6011847930575226
prune,2791,,0.2570072346145553,0.6018990187245975
prune,2332,,0.25706512913556706,0.601928704566859
prune,2614,,0.25714932514808875,0.6020199140005567
prune,27,,0.2571524394404389,0.6019212101546294
prune,2056,,0.2572121114129666,0.6019548467035488
prune,2449,,0.2573547844199547,0.602182680060104
prune,2902,,0.2576264462871158,0.6027122758663649
prune,2125,,0.2576393066946538,0.6026362447087551
prune,1406,,0.25771609903740816,0.6027097091391656
prune,1975,,0.2578057336304559,0.6028131379113922
prune,2658,,0.25785357210671006,0.6028187535624119
prune,1449,,0.2578635477357403,0.6027357777250568
prune,2860,,0.2579305546751992,0.6027860613642391
prune,2852,,0.2580837070327916,0.6030376157742269
prune,1426,,0.25819005672561596,0.6031797138507679
prune,2712,,0.25829073841325084,0.6033084911073172
prune,724,,0.2586193189053699,0.6039695603552949
prune,502,,0.2586550892883997,0.6039466274916884
prune,2813,,0.25869369661685687,0.603930255100069
prune,1242,,0.25870469807512253,0.6038493649126342
prune,3044,,0.25876569351874246,0.603885118265799
prune,2368,,0.2588215897329813,0.6039089010073018
prune,2325,,0.2590432506685018,0.6043194304199373
prune,2506,,0.2591732802782965,0.6045160734715787
prune,1196,,0.259316490613274,0.6047433803528701
prune,1176,,0.25947182765163906,0.604998884849912
prune,1575,,0.25958322565230624,0.6051518414087881
prune,2906,,0.2596223454942839,0.6051362049015342
prune,281,,0.2596448660981796,0.6050818093474191
prune,1343,,0.2596536410365287,0.6049953153684673
prune,331,,0.2597752308895042,0.6051716462603265
prune,1869,,0.2598521781048986,0.6052438866163136
prune,1405,,0.2598565755720543,0.6051470563839508
prune,122,,0.25986674955139655,0.6050636206584173
prune,823,,0.25996779640093653,0.6051917296299634
prune,347,,0.2600079351848498,0.6051779567004011
prune,150,,0.26050136222901005,0.6062192629248246
prune,115,,0.26056537775273575,0.6062610276912003
prune,246,,0.2605845768833584,0.6061984370562727
prune,43,,0.2606132714969851,0.6061578757904528
prune,2816,,0.2606285589783081,0.6060860640712211
prune,787,,0.2606625432949582,0.6060576741206737
prune,908,,0.26076385020467496,0.6061857635431103
prune,1725,,0.26078267355968976,0.6061220109934259
prune,346,,0.26083284275731194,0.6061310584326532
prune,2061,,0.26083990760002757,0.6060398608059601
prune,134,,0.2608408677320228,0.6059344178644916
prune,56,,0.2610278729002359,0.6062611406347255
prune,1311,,0.26103418419721136,0.6061680506531016
prune,1846,,0.2611640614410535,0.6063618702457029
prune,2085,,0.2611894015111075,0.6063128719721379
prune,1977,,0.26120985371628025,0.6062524622339956
prune,1592,,0.26122209100883914,0.6061729213014594
prune,1754,,0.2613071591495371,0.6062623410313077
prune,1138,,0.2613344348730323,0.6062175874481471
prune,2793,,0.2614215738083774,0.6063116474440079
prune,2667,,0.2614556354770824,0.6062825182397903
prune,1855,,0.26157952109861043,0.6064616335995875
prune,1797,,0.2617999325132126,0.6068644788604525
prune,1833,,0.261840135515975,0.6068494510087405
prune,955,,0.26200370695096453,0.6071203065462087
prune,3021,,0.26203512784719646,0.6070848200003535
prune,582,,0.2620597786523167,0.6070335812989893
prune,103,,0.2620608856812826,0.6069277362216744
prune,1841,,0.2621851633710874,0.6071071196357237
prune,921,,0.2622384089676509,0.6071219242495415
prune,946,,0.2622578745095659,0.6070584452986336
prune,166,,0.262309240092969,0.607068750141383
prune,733,,0.2623158601955981,0.6069754195861269
prune,1342,,0.26242339556620575,0.6071155593551627
prune,2052,,0.26277164995664165,0.607812575932836
prune,2640,,0.2630728418259484,0.6084005974364859
prune,407,,0.2631097816962464,0.608377315052383
prune,2023,,0.2633770496367189,0.6088865959025622
prune,1190,,0.2633792053190051,0.6087828083371621
prune,571,,0.2634049978260796,0.6087336001746239
prune,1610,,0.26344357991871875,0.6087138866069949
prune,815,,0.2634454578282385,0.6086092880541619
prune,2095,,0.26347960541334814,0.6085791849982326
prune,1910,,0.26348545238201,0.6084836403100199
prune,1832,,0.2636383801825729,0.6087277306333635
prune,2850,,0.2637495594132182,0.6088753270898171
prune,2864,,0.2638215818126739,0.6089324382926486
prune,451,,0.26411508343543266,0.6095007276962188
prune,2767,,0.2642505338748615,0.6097041300750281
prune,3033,,0.2642796410952244,0.6096620568831711
prune,1075,,0.2644493968425376,0.6099444096015632
prune,2613,,0.2645562192089611,0.6100815019485245
prune,1170,,0.2646089949795567,0.6100938666982169
prune,2192,,0.2647667634540318,0.610348260850148
prune,959,,0.26478385687488776,0.610278244069701
prune,2381,,0.2648167260973355,0.6102445267678436
prune,2280,,0.26485178012384136,0.6102157772155846
prune,2516,,0.2648765448537072,0.6101632509380868
prune,2511,,0.26496597064151267,0.6102596253635113
prune,370,,0.26497837713631234,0.6101785160618167
prune,1364,,0.26503155852566157,0.6101912466388728
prune,587,,0.26505685242974025,0.6101396929906061
prune,758,,0.265262335994805,0.6105028973926013
prune,1987,,0.26534284515604983,0.6105783443615558
prune,591,,0.2653925563232771,0.6105828386688711
prune,1799,,0.26553487313919616,0.6108003396381558
prune,1203,,0.2656284889454919,0.6109057164678527
prune,2138,,0.2656941820680543,0.6109467898792622
prune,1752,,0.26586956994535016,0.6112400514141187
prune,1460,,0.2659649633766181,0.6113492916507532
prune,228,,0.26626589592996336,0.6119309555628207
prune,2160,,0.2665227694575019,0.6124112378007315
prune,1175,,0.26659471847587346,0.6124664524448644
prune,2254,,0.2666132360670157,0.6123988275013137
prune,1310,,0.26665018168642174,0.6123734694708616
prune,2295,,0.2667111432094927,0.6124032016148433
prune,2191,,0.26671791286986596,0.6123084158918104
prune,1409,,0.2667258601831915,0.6122162699981201
prune,810,,0.2669052658074262,0.6125176495052395
prune,840,,0.26697155324223776,0.6125593142199728
prune,1197,,0.26713016197415707,0.6128127555104712
prune,1065,,0.26715235711431423,0.6127531324316884
prune,9,,0.26720187127703915,0.6127561091500796
prune,2338,,0.2672536191181258,0.6127641369973995
prune,1706,,0.26726376001964897,0.6126766854293622
prune,799,,0.26732940231859653,0.6127164138363402
prune,841,,0.26748663105939346,0.6129660048920771
prune,2369,,0.26759975162467137,0.6131144175200891
prune,2890,,0.2676367976818883,0.6130884297339455
prune,859,,0.26766717522584765,0.6130470945059164
prune,1336,,0.2677002662997404,0.613011905963809
prune,1574,,0.267704631619658,0.6129108614250477
prune,10,,0.2677824065122464,0.6129778416892239
prune,991,,0.2678359005979678,0.6129891579127059
prune,2431,,0.2678412428257201,0.612890185445083
prune,917,,0.26802789581000597,0.6132060781292207
prune,1419,,0.26807556199058225,0.6132038607924264
prune,1283,,0.2681514884505709,0.6132662214656857
prune,1814,,0.2683182848252541,0.613536347903774
prune,1111,,0.2683598774265308,0.6135200602498906
prune,1542,,0.26839698641588955,0.6134934497728448
prune,47,,0.2683991190007312,0.6133868121246998
prune,2578,,0.26846742046404454,0.6134313451483716
prune,153,,0.2684726026717082,0.6133315630559897
prune,1537,,0.2685684176575768,0.6134387902764153
prune,2583,,0.26863432617402755,0.6134776196529341
prune,2794,,0.2686628281136999,0.6134309389329436
prune,1556,,0.26867741781296295,0.6133524197862814
prune,1818,,0.2687001898890333,0.6132925146031661
prune,1049,,0.26876963267670206,0.6133390752851312
prune,1624,,0.26906097255584754,0.613891988299275
prune,2907,,0.2691623453629776,0.6140113094669828
prune,2182,,0.2692284398659875,0.614050063089499
prune,1164,,0.2692466979636215,0.6139796244589266
prune,2364,,0.26927190362162423,0.6139249622472478
prune,1879,,0.26967948438789824,0.6147421189263477
prune,2904,,0.2698367048765121,0.6149883764572065
prune,2711,,0.2698701837701001,0.6149524905224445
prune,2300,,0.26991501099755644,0.6149423958091538
prune,2932,,0.2699156193829732,0.6148314741584251
prune,634,,0.2700562887186328,0.6150395616792887
prune,668,,0.2700684656958006,0.6149548932510001
prune,1656,,0.2701000461033019,0.6149143442015987
prune,72,,0.27015368740225815,0.6149239538185213
prune,2848,,0.2701772623611148,0.6148650441547533
prune,1548,,0.27021220461923134,0.6148319370270673
prune,348,,0.2704660774593579,0.6152969601136778
prune,694,,0.27065379165217723,0.6156113507842816
prune,2233,,0.27074030540978694,0.6156954350729292
prune,1282,,0.27075177100648157,0.6156087517098731
prune,2039,,0.270866599200964,0.6157570418914388
prune,2249,,0.2708754322643007,0.6156642630445488
prune,3063,,0.27090472567997104,0.6156179252383216
prune,3025,,0.27094505335389474,0.615596593777381
prune,985,,0.2709834587372878,0.6155708211819187
prune,453,,0.27109977484493913,0.6157219786483656
prune,1030,,0.27120603815192984,0.6158502158221902
prune,1378,,0.27164102425011627,0.616724910243782
prune,303,,0.27165949092036834,0.6166537094411553
prune,2909,,0.27179713835989694,0.6168530035727557
prune,2153,,0.27180806401864055,0.6167645768285419
prune,2303,,0.2718238094022201,0.616687019114808
prune,57,,0.2719136150468219,0.6167774312545506
prune,1187,,0.2719573429460522,0.6167632325736713
prune,697,,0.27202493832073293,0.6168030939871649
prune,2886,,0.27208459506690436,0.6168248747420488
prune,967,,0.27208846494906974,0.616720093647053
prune,2729,,0.27212546957512734,0.6166903567659544
prune,3070,,0.27212591978893375,0.6165776976034784
prune,1988,,0.27217456654073946,0.6165741859616877
prune,564,,0.2722396512971391,0.6166078410750633
prune,73,,0.2722676895192596,0.6165575001736364
prune,65,,0.2722842286902735,0.6164810442005906
prune,390,,0.2722879659449001,0.6163755296252953
prune,2278,,0.2724119369571201,0.6165421491929916
prune,2610,,0.2724961828325684,0.6166187617227088
prune,496,,0.27250957818818167,0.6165349501942863
prune,1671,,0.272557699515187,0.6165296425630711
prune,2003,,0.2727265480901837,0.6167973766654588
prune,19,,0.27277595186334014,0.6167948486365503
prune,811,,0.2727969770826696,0.6167280681582846
prune,1820,,0.27287361330067283,0.6167869532418246
prune,362,,0.27287760398318645,0.6166815353556043
prune,2975,,0.2729606803241707,0.6167547959104344
prune,389,,0.272992233659703,0.6167115449907652
prune,1565,,0.2730169851027785,0.6166528526282161
prune,434,,0.27304377068523694,0.616598682583913
prune,1798,,0.27316764651286213,0.6167637175298057
prune,2455,,0.27332186219744553,0.6169971732489241
prune,912,,0.2733735910910216,0.6169991548894029
prune,2252,,0.2735283778496664,0.6172336854328705
prune,157,,0.2735461164550314,0.6171588290096708
prune,2560,,0.2736590300675402,0.6172986535166041
prune,1887,,0.2737104949789189,0.617299763619076
prune,2168,,0.273755025091046,0.6172851543782738
prune,3054,,0.2738796187315958,0.6174510231310802
prune,2688,,0.2739176899801924,0.617421718696191
prune,38,,0.27393103076134007,0.6173365888731626
prune,1223,,0.27393455766256225,0.6172292681845889
prune,2627,,0.27398528408802625,0.6172282395821551
prune,218,,0.27400540606266727,0.6171581802248046
prune,486,,0.2740109027604313,0.6170551028563638
prune,1822,,0.2740880957740071,0.6171134289475826
prune,34,,0.2741075250201928,0.6170416018018634
prune,109,,0.27424508083956894,0.6172356460998456
prune,981,,0.27426851335453695,0.6171727144958724
prune,735,,0.2743916850515378,0.6173341729994982
prune,201,,0.2745437339964265,0.6175605177762024
prune,937,,0.27464031112162496,0.6176619747311298
prune,1534,,0.27464034801419573,0.6175462032639798
prune,2270,,0.27478252870636916,0.6177500177998313
prune,2046,,0.2748768193475589,0.6178460629727516
prune,640,,0.2749477275926227,0.6178894593784505
prune,2000,,0.27496570912249746,0.6178138180011664
prune,1980,,0.27500676819513553,0.6177899615770868
prune,1001,,0.2751690671980848,0.6180384194197241
prune,729,,0.27519505987043935,0.6179805965494948
prune,2935,,0.27526667073883176,0.6180251513060336
prune,337,,0.2752841516858802,0.6179480777780755
prune,996,,0.2753356183854413,0.6179472294336511
prune,1990,,0.27549125988421735,0.6181801329280315
prune,2619,,0.2755273734820133,0.6181446981273303
prune,408,,0.27552948253486476,0.6180328884413222
prune,2950,,0.2755585171485548,0.617981410309962
prune,2994,,0.2756255986317413,0.6180151920379123
prune,1393,,0.27581324617300584,0.6183192597282634
prune,267,,0.2758190198674223,0.6182154526362027
prune,3064,,0.27587740657858273,0.6182295127716847
prune,2544,,0.2762606646719315,0.6189716004745752
prune,866,,0.27657746605179134,0.6195646398625934
prune,211,,0.2766061330569661,0.6195120279784907
prune,2340,,0.2766169221536322,0.619419294085269
prune,1158,,0.2766452703264799,0.6193658107666015
prune,3061,,0.27671563780960323,0.6194063369234609
prune,1356,,0.2769507211509279,0.6198155274282608
prune,1015,,0.2769662619054811,0.6197332144898839
prune,1929,,0.2770400514348708,0.6197811785796091
prune,2921,,0.27731392682857675,0.6202767352334926
prune,30,,0.2773911557382477,0.6203322792142378
prune,2432,,0.2773977814957257,0.6202298294939347
prune,1703,,0.27743932689508355,0.6202053919737307
prune,1802,,0.27750775226395397,0.6202409718603379
prune,805,,0.27755641232941075,0.6202322869882507
prune,205,,0.27756909258509693,0.6201431111468279
prune,600,,0.2776644446633901,0.6202385876110568
prune,734,,0.2776758249037719,0.620146380131977
prune,2677,,0.2777445467865065,0.6201821771318744
prune,679,,0.2777719591497478,0.6201256384212072
prune,367,,0.27785144968317543,0.6201853008447322
prune,806,,0.27800576984712605,0.6204119232752707
prune,2785,,0.2780465165768377,0.6203849617638301
prune,2219,,0.2780740985851828,0.6203285436386146
prune,1105,,0.27810722432707313,0.6202844163582338
prune,1113,,0.2781603267981565,0.6202847715617181
prune,829,,0.27816373357519936,0.6201742125316533
prune,2176,,0.2782288878341639,0.6202012638467901
prune,1538,,0.27838905026152194,0.6204400401247001
prune,1609,,0.27845277111773853,0.6204637544698919
prune,2477,,0.2786332864156728,0.6207476645104721
prune,2930,,0.27878990670882425,0.6209782324188787
prune,100,,0.2788213320680919,0.6209298084824054
prune,1705,,0.278893281985554,0.6209715640976615
prune,266,,0.2789511907505681,0.6209819673348086
prune,1876,,0.2790386497456355,0.6210580782166489
prune,659,,0.27904735632590794,0.6209588002852454
prune,2675,,0.2791640506875402,0.6210997791899499
prune,2642,,0.2792003252918303,0.6210617215541303
prune,2606,,0.2793822675067496,0.621347651014882
prune,1639,,0.279425769561404,0.6213255487469047
prune,2701,,0.27944162030356734,0.6212418727398696
prune,2734,,0.2794991786576438,0.621250853417133
prune,2326,,0.2795721913099089,0.621294105420901
prune,1801,,0.279575022458956,0.6211812876705266
prune,2141,,0.27969604191283576,0.621331026658826
prune,969,,0.2797223932677494,0.6212703457233205
prune,487,,0.27977480890368595,0.6212674821795888
prune,2022,,0.2800755391002668,0.6218160103587259
prune,682,,0.28009397381074275,0.6217375955717512
prune,69,,0.28010842774430494,0.6216502652261436
prune,6,,0.280156505662545,0.6216374888652
prune,2557,,0.2804291370723971,0.6221229517654299
prune,1193,,0.2804547102366636,0.6220601392447743
prune,998,,0.28048897229439523,0.6220165219112023
prune,2617,,0.2806064312588065,0.6221573452939935
prune,2026,,0.28075857199412396,0.6223749807926556
prune,2986,,0.2808947318326586,0.6225570873387326
prune,1764,,0.2809593587477729,0.6225805367570081
prune,728,,0.2809702263536806,0.6224847597802223
prune,2923,,0.28110095483320663,0.6226544879736433
prune,158,,0.28110327878939373,0.6225396615397881
prune,1357,,0.28119582742961213,0.6226245977329202
prune,1458,,0.28124058237072513,0.6226036055037857
prune,1904,,0.2812973266356361,0.6226090751190183
prune,1708,,0.28141708901897444,0.6227539582950786
prune,872,,0.28143904446752566,0.622682280708669
prune,1281,,0.2814523753157311,0.6225914388541779
prune,1771,,0.28154272358268917,0.6226709073027619
prune,2918,,0.2816197051291589,0.6227207193079288
prune,2361,,0.2816920998644109,0.6227602991882559
prune,1911,,0.2817252161341078,0.6227129441021649
prune,1021,,0.2818203403194219,0.6228025837949939
prune,2622,,0.28184725880161426,0.6227413834139324
prune,705,,0.2818497105707291,0.6226260357308027
prune,272,,0.2819187213503642,0.6226576624695617
prune,2109,,0.2819701076098847,0.6226502702711375
prune,2732,,0.2819843771701167,0.6225608209117325
prune,833,,0.2822088452165047,0.6229354235427768
prune,2875,,0.282275292738362,0.6229610632905124
prune,2925,,0.2822920037728212,0.6228768366515673
prune,2461,,0.28247765076146963,0.6231653339076951
prune,3006,,0.28259986323188624,0.6233137669725037
prune,1060,,0.2826870290879515,0.6233847938753465
prune,231,,0.2827113814411891,0.623317195064129
prune,836,,0.2827733274084175,0.6233324107990893
prune,229,,0.28280995588282165,0.623291723284733
prune,181,,0.28290116883574173,0.6233712674256079
prune,2525,,0.2829223760862771,0.6232964427426956
prune,2302,,0.28314684907448184,0.6236694013935765
prune,2828,,0.28315308248282134,0.6235614845077149
prune,2893,,0.2834405034412963,0.6240728005313458
prune,2985,,0.2834672307145492,0.6240099326239075
prune,2101,,0.2834725698990678,0.6238998932787905
prune,1526,,0.28347342142611165,0.623779895982934
prune,2562,,0.2835292835163722,0.6237808852168742
prune,1648,,0.28357411350519196,0.6237575127659621
prune,1255,,0.2837897504158738,0.6241098146735199
prune,1498,,0.28381630594294766,0.624046124762366
prune,672,,0.2838715144120796,0.6240453609240411
prune,1455,,0.2839470691252056,0.6240892432778791
prune,1205,,0.28394986288683877,0.6239730925872082
prune,2702,,0.2840293808253897,0.6240254832599411
prune,657,,0.28406666943650094,0.6239849908467826
prune,37,,0.2841057195964028,0.623948283150136
prune,2936,,0.2841470167586875,0.6239164253472087
prune,2865,,0.2842339906583301,0.6239847893450259
prune,1254,,0.2843222773847084,0.6240559430280253
prune,308,,0.2844027770506296,0.6241099097276129
prune,436,,0.2844364153726491,0.624060935851427
prune,2518,,0.28446636799726416,0.624003789208297
prune,2500,,0.2845346699321911,0.6240306915799804
prune,680,,0.2845523995402351,0.6239465757483353
prune,831,,0.28464726831016784,0.6240315441502083
prune,2565,,0.2846790076964667,0.6239780015938535
prune,1211,,0.2848195661823126,0.6241629215630152
prune,2601,,0.2849750115932943,0.6243803681493786
prune,862,,0.285062050474699,0.624447812869772
prune,2437,,0.28507571191235004,0.6243544046292998
prune,1608,,0.2851670064063697,0.6244309625168701
prune,301,,0.2851726732483568,0.6243199022967223
prune,2694,,0.2851893041653369,0.6242327664970662
prune,2074,,0.28533716146966337,0.6244328177254995
prune,1442,,0.285338415783562,0.6243118974031913
prune,1418,,0.28537292518878793,0.6242636661148814
prune,326,,0.28544723947354456,0.6243024342662317
prune,1253,,0.2855369509256709,0.6243747895054504
prune,2566,,0.2856000247505568,0.6243887945610284
prune,138,,0.2856699017693747,0.6244175839118906
prune,2707,,0.2857419041876872,0.6244509274532889
prune,924,,0.28587392806621637,0.6246153646995322
prune,2722,,0.28591826169534723,0.6245880780230275
prune,1728,,0.2860668639989644,0.6247885076025036
prune,537,,0.2861331690444264,0.6248090670348281
prune,92,,0.2861357722967167,0.6246904149025458
prune,993,,0.2862232530832497,0.6247570087593792
prune,84,,0.2862305301916523,0.6246484186958255
prune,842,,0.2863929449162261,0.6248783507435832
prune,839,,0.2867208226372143,0.6254692469829589
prune,792,,0.28679786023369974,0.6255127434277471
prune,719,,0.2868882294768403,0.6255852264637659
prune,927,,0.2869109161378647,0.6255100059822847
prune,2264,,0.28707114513859033,0.6257346027944788
prune,121,,0.2871006391324099,0.6256740897583041
prune,1504,,0.2871958708697441,0.6257567697236838
prune,36,,0.28719634744030226,0.6256328677496008
prune,423,,0.2874251676436079,0.6260063762976104
prune,1704,,0.2876704764769844,0.6264156857522033
prune,2480,,0.2877140999768753,0.6263856387261062
prune,827,,0.28773681610298824,0.626309977990978
prune,2639,,0.28776455279672775,0.6262451598493513
prune,1363,,0.2880213356862911,0.62667878120008
prune,2080,,0.2880352167639515,0.6265837035785761
prune,2773,,0.28806188517529663,0.6265163608738369
prune,626,,0.2880938452989179,0.626460440923794
prune,3016,,0.28813306446709747,0.6264202191342844
prune,405,,0.2881637172179636,0.6263612809653388
prune,1877,,0.2882475032678903,0.6264177618157482
prune,2917,,0.28835808631133336,0.6265323893072989
prune,1552,,0.28840432413919864,0.626507091009009
prune,1907,,0.2884280481858844,0.6264327876244533
prune,481,,0.28851169146185696,0.6264885514999672
prune,2697,,0.2885357770910547,0.6264148746464968
prune,2096,,0.2885404815849765,0.6262990269542387
prune,941,,0.28874216628409827,0.626610712267885
prune,2363,,0.28887431751546205,0.6267713661770045
prune,2458,,0.288899565020338,0.62669993526885
prune,2641,,0.289017274033628,0.6268290164636767
prune,494,,0.28910692970968443,0.626897144498226
prune,974,,0.2893345334981003,0.6272643411356776
prune,506,,0.2893710922610828,0.6272171865156081
prune,1173,,0.2895250518295447,0.6274244445202196
prune,314,,0.2895357759499843,0.6273211496727765
prune,1306,,0.2896184902077832,0.6273737659254968
prune,98,,0.2897974865701814,0.6276348805499512
prune,317,,0.28989514981950826,0.6277197111964534
prune,169,,0.28991106000943184,0.6276273950086952
prune,1634,,0.2899215695541221,0.6275232968082227
prune,2581,,0.289966070498569,0.6274926938750699
prune,1791,,0.29018322220103526,0.6278356699898201
prune,1035,,0.2902000341295633,0.6277450176463338
prune,2572,,0.29048479444475345,0.6282339684206205
prune,2385,,0.29055167169853957,0.6282515104201029
prune,717,,0.2905669377451027,0.6281573433865282
prune,462,,0.2906181166509264,0.6281407356917115
prune,285,,0.29078646765801663,0.6283773245963961
prune,2072,,0.2907882171770989,0.6282537342797113
prune,1888,,0.2908214337937647,0.6281980511899309
prune,643,,0.29085047289503996,0.6281332511139436
prune,1150,,0.2911089617108708,0.6285639585876462
prune,1435,,0.29119175267239944,0.6286151226002049
prune,932,,0.2912344528905442,0.6285796289907065
prune,2001,,0.29150064426425704,0.6290264771570488
prune,298,,0.2917199929790241,0.6293721064172868
prune,2041,,0.2922782415481726,0.6304488834575013
prune,1513,,0.29230373986602026,0.6303761855210797
prune,687,,0.2924195827939133,0.630498259205593
prune,2463,,0.29242136639953203,0.6303742662939001
prune,544,,0.29242858654825793,0.6302619059244451
prune,747,,0.29261466088558347,0.6305349899368266
prune,1127,,0.2926451457882231,0.6304726444585937
prune,355,,0.29266432573943846,0.6303858474770164
prune,1736,,0.2926887524697893,0.6303102620937368
prune,2308,,0.29280584464147613,0.630434169856514
prune,2220,,0.2929315429075201,0.6305765057683175
prune,2186,,0.2929623606525893,0.6305144632716261
prune,2156,,0.29301513734374346,0.6304995944507352
prune,294,,0.29317593613288173,0.6307171011110653
prune,2181,,0.29324107278240413,0.630728667561682
prune,1823,,0.29333415241103694,0.6308002470089282
prune,2838,,0.29339363011099834,0.6307994552025982
prune,801,,0.2935001288412432,0.630899676378942
prune,2044,,0.2935093834822729,0.6307907306525715
prune,731,,0.2936048005645463,0.630866895139889
prune,661,,0.29376588065606635,0.6310840675898545
prune,3065,,0.293851038185614,0.6311380046955863
prune,1189,,0.2939346172795665,0.6311884500435245
prune,1723,,0.2941665563268162,0.6315574256577602
prune,662,,0.2941912460416309,0.6314812652047396
prune,1699,,0.29429118711868835,0.6315665616300533
prune,120,,0.2943907398714304,0.6316509213398498
prune,1433,,0.2944611077924372,0.6316725490322223
prune,2129,,0.29451146227824887,0.6316511382629575
prune,262,,0.29461889713492545,0.6317520708042714
prune,760,,0.2946189163412927,0.6316225333456799
prune,2889,,0.29462638026821525,0.631508867460515
prune,472,,0.294652959397107,0.6314360872798986
prune,2342,,0.29469108681593337,0.6313879637375491
prune,2800,,0.29476119349071356,0.6314082708049074
prune,2382,,0.2948630821087824,0.6314965675381577
prune,1151,,0.2949311481307451,0.6315123125494542
prune,1606,,0.29496992170165265,0.6314652263616641
prune,1279,,0.29497353426493134,0.6313427603507096
prune,2316,,0.29498906398622293,0.6312457123340224
prune,444,,0.29500051704102664,0.6311398452907521
prune,683,,0.2950806529545264,0.6311808499338245
prune,1000,,0.2951894632449408,0.6312830958884652
prune,1222,,0.2951959590242831,0.6311663966800867
prune,1593,,0.29520545221711947,0.631056013895388
prune,1816,,0.29533776823521535,0.6312081323404465
prune,2094,,0.2953700293986548,0.6311462682445116
prune,2512,,0.29545947630214037,0.6312065196146398
prune,141,,0.29548494247693996,0.6311299608427635
prune,2666,,0.2955040430455949,0.6310397073670785
prune,610,,0.2955894155827636,0.6310909009076192
prune,3045,,0.29559448751312156,0.6309705210766571
prune,2706,,0.2956492122017125,0.6309560507375495
prune,525,,0.29566726310469255,0.6308632014161282
prune,297,,0.29567569229839996,0.6307497233806112
prune,373,,0.2957577426995822,0.6307932261092737
prune,1585,,0.295763953560672,0.6306748496654468
prune,1317,,0.29586939302864845,0.6307680008000986
prune,691,,0.2959368324831207,0.6307800195405349
prune,1813,,0.29600510039204153,0.6307937015264791
prune,2333,,0.29606602347541217,0.630791626144278
prune,1514,,0.296128412622906,0.6307925725744913
prune,1213,,0.2961703526001467,0.6307498505974494
prune,1696,,0.29618245173017266,0.6306434675793151
prune,2349,,0.29619245895674684,0.6305325335275623
prune,236,,0.2962100420656858,0.6304376333115135
prune,1778,,0.2962749421913972,0.6304433578968933
prune,1167,,0.2963324981353828,0.6304333490219672
prune,1344,,0.2963553399020038,0.6303493738065153
prune,2934,,0.2963593125635226,0.6302251597835475
prune,2106,,0.29637387734859283,0.6301233780773904
prune,1392,,0.2964648553989727,0.6301839861690013
prune,1058,,0.29651782114008585,0.6301636734333467
prune,1073,,0.2965618398945487,0.6301242410135124
prune,1146,,0.29671212765845156,0.6303105373294873
prune,2941,,0.2968037968818119,0.6303721751113188
prune,2344,,0.29698462208700965,0.6306230887260608
prune,2351,,0.29732077921584016,0.6312037670469499
prune,881,,0.2973734460446421,0.6311823734233082
prune,402,,0.2974189997379071,0.631145776642569
prune,2375,,0.2974320311917298,0.6310400525363454
prune,732,,0.29759759214565396,0.6312578897243525
prune,920,,0.2977405577434909,0.6314276729544063
prune,2103,,0.29784387201937745,0.6315132386267922
prune,1642,,0.2979082492671979,0.631516124231132
prune,644,,0.2981041818683654,0.6317978223868235
prune,1557,,0.29815599716203195,0.6317739120522601
prune,306,,0.2981770406886603,0.6316846845851404
prune,93,,0.2982544665604545,0.6317148205929818
prune,1053,,0.29832965077903106,0.6317401006724442
prune,2501,,0.29837039382753294,0.6316923302503988
prune,1072,,0.29858564195806314,0.6320139651114629
prune,923,,0.2985979801050044,0.6319059114979231
prune,1722,,0.2986046600142244,0.6317857824051455
prune,2390,,0.298609812715387,0.6316623227225048
prune,1810,,0.29864229110868984,0.6315965763026197
prune,2748,,0.2990721416568005,0.6323712555179959
prune,2271,,0.29926416010807955,0.6326428228321094
prune,2657,,0.29942001950577013,0.6328378159959902
prune,2847,,0.29946204482788785,0.6327920607245419
prune,871,,0.2996337794758053,0.6330203320222745
prune,567,,0.2996847396641459,0.6329932901616795
prune,2137,,0.2998080850938912,0.6331190585817853
prune,2784,,0.2998546240847161,0.6330824918485485
prune,1712,,0.2998588617100219,0.6329564955910477
prune,104,,0.300057127534786,0.6332400269348256
prune,446,,0.30006934489700177,0.6331307373174269
prune,161,,0.3001235872678791,0.6331100309840578
prune,365,,0.3002570281334297,0.6332563132796
prune,2943,,0.3005823006929512,0.6338071245955402
prune,356,,0.30061522795468165,0.6337412619185465
prune,1014,,0.30070933879992884,0.6338042993815622
prune,2999,,0.3008046099324127,0.63386967124086
prune,191,,0.30105136547675737,0.6342541964614831
prune,2587,,0.30109937546270626,0.6342198095292988
prune,471,,0.30126636913212246,0.6344359766640224
prune,577,,0.30128021333376837,0.6343294555669261
prune,2788,,0.3016723083775973,0.6350193446566431
prune,2012,,0.30169241262430946,0.6349259236692676
prune,2621,,0.3017096742350479,0.6348264159017383
prune,1454,,0.30173231117071564,0.6347381169662106
prune,861,,0.301749381877503,0.6346380028854233
prune,208,,0.3017823226422055,0.634571168536542
prune,593,,0.30190512627527827,0.6346932173644394
prune,18,,0.30204484267325676,0.6348507113323153
prune,674,,0.3023822423110198,0.6354236523297043
prune,2819,,0.3024660078559943,0.6354633828445745
prune,766,,0.30258191784118915,0.6355705460722155
prune,2267,,0.30261051959272767,0.6354941743986263
prune,2789,,0.30261088967660604,0.6353584000893231
prune,1133,,0.3027980321042483,0.6356147311655481
prune,1472,,0.3030308451213366,0.6359668225259385
prune,1302,,0.3030642898255671,0.63590030594219
prune,739,,0.30331042527773877,0.6362800299139129
prune,178,,0.3033571773255601,0.636241292369396
prune,1906,,0.30337890873218654,0.6361499614542512
prune,2920,,0.3033876495303838,0.6360312807947118
prune,257,,0.30345868249084107,0.6360431081800176
prune,2499,,0.3037999750317276,0.6366213741985
prune,2487,,0.3038744678124259,0.636640321638016
prune,1329,,0.30399202916845347,0.6367494037586017
prune,504,,0.304304450324625,0.6372665937998881
prune,1817,,0.3043513710969756,0.637227550987561
prune,745,,0.3044307484443224,0.6372563651971599
prune,989,,0.30449202890868443,0.6372471786931106
prune,380,,0.3045703317469796,0.6372735118092958
prune,2778,,0.304706286670901,0.6374203811443151
prune,655,,0.3047798393792696,0.6374365694866071
prune,3015,,0.30522194223003035,0.6382235818873144
prune,2378,,0.3053012887888709,0.63825178874614
prune,1169,,0.30543586532696654,0.6383953631379168
prune,1464,,0.30544292089013164,0.6382722410098696
prune,1742,,0.3055479714926681,0.6383538232493718
prune,2507,,0.3056263719289251,0.6383796020750868
prune,2958,,0.3056830404058794,0.6383598668551751
prune,2237,,0.30579313886848675,0.6384516167631145
prune,2687,,0.3058109665485411,0.6383505694302041
prune,404,,0.30589770215646495,0.638393276839348
prune,1225,,0.30591478942797296,0.6382904923902751
prune,2472,,0.306033180353187,0.6383990050002764
prune,2901,,0.3060337070464491,0.6382614879176635
prune,3019,,0.3061177560011075,0.6382980867794057
prune,1794,,0.30616042489761697,0.6382482727339126
prune,690,,0.30617617748276627,0.638142226185622
prune,495,,0.30634496913780246,0.6383550932935178
prune,558,,0.3063765023182615,0.6382817716944591
prune,1034,,0.30637975162413367,0.6381494054588094
prune,2470,,0.3066009046281791,0.6384708727286982
prune,2155,,0.3066115268928132,0.6383537233421487
prune,2180,,0.3067295706317715,0.6384601503445707
prune,2811,,0.30679268386643327,0.6384520999175938
prune,460,,0.30688215601376356,0.6384987986855166
prune,2823,,0.306886521626828,0.6383682779651362
prune,91,,0.30694592740245485,0.6383521595709454
prune,414,,0.30711191843354924,0.6385576282446335
prune,1586,,0.30711297724115466,0.6384199808891066
prune,1168,,0.3072132538451501,0.6384885116482579
prune,196,,0.3073420199694309,0.6386161437661375
prune,338,,0.30734799820799097,0.6384884737739435
prune,1009,,0.30748492484935197,0.6386327740829959
prune,710,,0.3076668209356074,0.638870366474649
prune,1760,,0.3077790020616661,0.6389630432353713
prune,2988,,0.307788033339936,0.6388414192433114
prune,2765,,0.3079728840997306,0.639084675815566
prune,511,,0.30827107010760274,0.6395630295134888
prune,874,,0.30833843141463596,0.6395622748695542
prune,445,,0.30836383563923186,0.6394743605742422
prune,720,,0.3083852796656811,0.6393781199780114
prune,948,,0.3084099467723646,0.6392884508511512
prune,1267,,0.3085154928854782,0.639366347976949
prune,555,,0.30856144690323306,0.6393206045382994
prune,60,,0.308567442500888,0.6391919405032598
prune,1589,,0.3087770053786218,0.6394849233490029
prune,1421,,0.3089716713334744,0.6397469169086899
prune,1536,,0.3090244991297435,0.6397150439691093
prune,2166,,0.30910250184687077,0.6397351785905433
prune,2602,,0.30922910986245095,0.6398558076626808
prune,1157,,0.3093052748184245,0.6398719181780178
prune,685,,0.3093251538261211,0.6397714487100659
prune,2997,,0.3093498595718119,0.6396808505753753
prune,565,,0.30963907365827614,0.6401371890618706
prune,168,,0.3097231819861079,0.6401692849057499
prune,1039,,0.30975683124470565,0.6400969481790153
prune,2277,,0.3097804661774742,0.6400037984076103
prune,1638,,0.3098107315737025,0.639924234983009
prune,1784,,0.3098128126885811,0.6397863306297434
prune,2752,,0.3100863224068489,0.6402089307208815
prune,1734,,0.31022814698327833,0.6403594644696741
prune,1894,,0.3103459581571651,0.6404602953093512
prune,133,,0.3103697970845479,0.6403670375245871
prune,463,,0.3103744157727551,0.6402340015640502
prune,180,,0.3104149520922306,0.6401749550826222
prune,359,,0.3105990401417734,0.6404118923802754
prune,1054,,0.3106325143740605,0.6403380990654198
prune,351,,0.31065740043520285,0.6402464821267448
prune,1927,,0.3106856076636131,0.6401615949488662
prune,2063,,0.31069025160215424,0.6400280309760958
prune,48,,0.31071626476784225,0.6399383813042409
prune,2521,,0.31078638575502426,0.6399394733796836
prune,2471,,0.31084770255381816,0.6399223122353264
prune,844,,0.3108621003668441,0.6398084245082328
prune,2011,,0.3111329970637195,0.6402224324177199
prune,2170,,0.31121701761082193,0.6402516934598865
prune,2258,,0.31126713373080195,0.6402110690572237
prune,1731,,0.3114394907472487,0.6404217925483735
prune,1071,,0.3115919695788239,0.6405915003822497
prune,2439,,0.3118346739589671,0.6409466021240318
prune,2588,,0.3118793026700242,0.6408943669317589
prune,942,,0.31189885751460783,0.6407904773203712
prune,1566,,0.31191023069625895,0.6406696580550393
prune,323,,0.3119145909996539,0.6405343147183082
prune,2654,,0.3122523272538245,0.6410835823609926
prune,652,,0.3122963719324199,0.6410296172311875
prune,2475,,0.31245466118514337,0.6412100751723699
prune,1521,,0.31261328437445973,0.6413910866282829
prune,1331,,0.31261613644123787,0.6412523124227335
prune,271,,0.31265445644655393,0.6411861875973598
prune,1341,,0.31271647719721657,0.641168555862296
prune,692,,0.31276411937162557,0.641121315112845
prune,1309,,0.3129043604313411,0.6412638006744461
prune,2478,,0.3129757899196381,0.6412651081406149
prune,2625,,0.3131206077540571,0.6414166854912806
prune,2288,,0.31323905108708305,0.6415140942230091
prune,2497,,0.3133927113459933,0.641683510940573
prune,1721,,0.31361515632966497,0.6419936595708774
prune,1683,,0.31364535957721346,0.6419100649735945
prune,1121,,0.31366326027322783,0.64180116620485
prune,725,,0.31368103245029744,0.6416918843371465
prune,1577,,0.3138141101437731,0.6418184031548692
prune,1099,,0.3139165299117686,0.6418820770667982
prune,516,,0.31394990731898165,0.6418044222474177
prune,354,,0.3140361463520339,0.6418347291739417
prune,2362,,0.31404553893670883,0.6417078197141889
prune,1366,,0.31407521034276253,0.6416222344673419
prune,3011,,0.31417030532803,0.6416702044361213
prune,2058,,0.31424225243118314,0.6416707591955724
prune,2591,,0.3143707291131462,0.6417866393662169
prune,2248,,0.3144453163434182,0.6417923522339016
prune,966,,0.31468295235799476,0.6421307856511528
prune,2059,,0.3147675572887477,0.6421567497552638
prune,2410,,0.31481624671584857,0.6421093009727863
prune,1564,,0.315180918177103,0.6427063314920516
prune,2538,,0.31522562360540723,0.6426506241916079
prune,2809,,0.3155109274387421,0.6430853896933842
prune,2005,,0.3155373810963826,0.6429923137909213
prune,2066,,0.3155914030224353,0.6429553023560013
prune,3038,,0.3157792827508915,0.6431909235777428
prune,512,,0.3158887129614152,0.6432665878777386
prune,838,,0.3162340898830627,0.6438226842230966
prune,804,,0.31629211010097796,0.6437934887518549
prune,848,,0.3163741915509373,0.6438131503784121
prune,649,,0.3164023970316747,0.6437230260847139
prune,2686,,0.3165894076229381,0.6439559270117214
prune,3036,,0.3167455717003101,0.644125934196766
prune,1451,,0.31728698369400515,0.6450793818466267
prune,651,,0.3173023309427234,0.6449629131959158
prune,819,,0.3173946734682025,0.6450028536305081
prune,2287,,0.31783572633685914,0.6457514381868874
prune,2013,,0.3179146310665527,0.6457639430693713
prune,2576,,0.3179605364828924,0.6457092755536354
prune,828,,0.31806972839207986,0.6457830261202597
prune,1209,,0.3181415518601217,0.6457807597839802
prune,1499,,0.3181695134243237,0.6456893135619884
prune,1947,,0.3182042759495355,0.645611545338422
prune,329,,0.318218097386644,0.6454911541348558
prune,2204,,0.3182378096284253,0.6453825888648095
prune,3039,,0.31830116369347367,0.6453624192104868
prune,1228,,0.3185403905600545,0.6456987728847269
prune,988,,0.31862896288022824,0.6457295390386386
prune,850,,0.31874062146472765,0.6458069680553403
prune,2091,,0.31879352734567995,0.6457651999885163
prune,1612,,0.318825603392901,0.6456811001309399
prune,1122,,0.3188371724743446,0.6455553337605889
prune,2304,,0.3189446132973779,0.6456235908380636
prune,1544,,0.3190090714972532,0.645604688999431
prune,2057,,0.3190975285543187,0.6456342334534427
prune,2669,,0.3192298345357804,0.6457523813786431
prune,1278,,0.31932157967326275,0.6457883280628144
prune,3004,,0.31940800281182696,0.6458133754995791
prune,2929,,0.31946143376376557,0.6457715692109864
prune,2163,,0.3194761702259936,0.6456513981591677
prune,1529,,0.31955665374586556,0.6456639969989493
prune,1663,,0.319580147568224,0.645561292275868
prune,322,,0.3195965181461744,0.6454440663071043
prune,773,,0.3196069385095385,0.6453146923244549
prune,2993,,0.3197209412366086,0.645394371719425
prune,2661,,0.31989413453625065,0.6455934196877146
prune,2395,,0.3201470970645084,0.6459533421671761
prune,574,,0.3203274384500498,0.64616656150184
prune,94,,0.32039029770411487,0.6461426063615809
prune,154,,0.32049978112148114,0.6462125643016602
prune,554,,0.3206538294848311,0.6463722567404045
prune,1348,,0.3208694390922734,0.6466559267468924
prune,664,,0.3209482943754654,0.6466637927587001
prune,2646,,0.3209866438825794,0.6465898941835674
prune,378,,0.321059575244498,0.6465855377189726
prune,2649,,0.3210642587179761,0.6464435739211444
prune,1808,,0.3210665500400664,0.6462966625881019
prune,1633,,0.32112048684177563,0.6462536020027334
prune,2082,,0.3211634495472501,0.6461883173051536
prune,2402,,0.32127446040391056,0.6462598398822844
prune,1986,,0.3213046052463581,0.6461685252486161
prune,706,,0.32146977890419565,0.6463486838076749
prune,95,,0.3215251109199158,0.6463078069919272
prune,2128,,0.3216079291398591,0.6463220563566966
prune,891,,0.3216242432689744,0.6462024912609639
prune,2967,,0.32194407236285116,0.6466927302512119
prune,223,,0.3219628441656186,0.6465779565364755
prune,2253,,0.3221042554249452,0.6467093870629851
prune,958,,0.3221265622747686,0.6466014939578505
prune,3043,,0.32239405861690623,0.6469857301264171
prune,2884,,0.3224882674838637,0.6470219883865593
prune,570,,0.3225145032692065,0.6469217026638542
prune,622,,0.3226081766676481,0.6469565799081252
prune,2805,,0.32261758123929746,0.646822291455346
prune,557,,0.322619569775587,0.6466729978345205
prune,2644,,0.32293485381963966,0.6471516782717969
prune,2112,,0.32297881140138046,0.6470863631404399
prune,2282,,0.3229887594338994,0.6469527596361195
prune,2492,,0.3230437988179749,0.6469093583969837
prune,1786,,0.3231326241486398,0.6469334901731424
prune,560,,0.3234135296846829,0.6473421148017704
prune,46,,0.32359759560849455,0.647556711461514
prune,1884,,0.3236522404889044,0.647512121316008
prune,951,,0.3237720379255957,0.6475977652595086
prune,241,,0.3241452549774977,0.6481902478597235
prune,727,,0.3244752984259365,0.6486962167637098
prune,1750,,0.3244906379613841,0.6485727389055169
prune,2966,,0.3245977988877662,0.6486326886847844
prune,403,,0.3247471442296414,0.6487768078119657
prune,174,,0.32475857718285306,0.6486452047817239
prune,192,,0.32487513771886967,0.6487234802814668
prune,2724,,0.3249189124752201,0.6486562403834684
prune,2301,,0.3251314817022231,0.6489259042659553
prune,2337,,0.3254705159509125,0.6494478777411897
prune,769,,0.32550196028981876,0.6493557974621732
prune,2961,,0.32557693316590947,0.6493504324627479
prune,2532,,0.325619547060265,0.6492803733201856
prune,788,,0.32572072943578706,0.6493269823798127
prune,2130,,0.3257364306884636,0.6492030048836707
prune,1477,,0.32592352836177557,0.6494205567919634
prune,1109,,0.3259338189293557,0.6492855880443024
prune,892,,0.3259439043621306,0.6491500718744552
prune,1335,,0.3260882820584935,0.6492819279711555
prune,2763,,0.32615643531161137,0.6492618322618601
prune,1787,,0.32618320354675884,0.649159193454795
prune,647,,0.32638020350287617,0.6493952729703231
prune,2409,,0.32641981129488523,0.6493179740201098
prune,1848,,0.32646141141569607,0.6492444971387117
prune,1017,,0.32652318885451276,0.649211013526516
prune,214,,0.3266927928190138,0.6493918165524777
prune,479,,0.32678904917555723,0.6494266394545092
prune,3001,,0.3271305061738093,0.6499487024663392
prune,1744,,0.32727814296247354,0.6500854371872312
prune,1581,,0.3273656438816369,0.6501025466952498
prune,83,,0.3276431959553453,0.6504970031894988
prune,1131,,0.3278915009164865,0.650833222034234
prune,1690,,0.3279941980351009,0.6508802061252735
prune,1481,,0.3280761094802322,0.6508857862811598
prune,2522,,0.32817117290669157,0.6509173181655149
prune,531,,0.3281969633744883,0.6508112729969704
prune,1232,,0.3282432587299061,0.6507457539622882
prune,1132,,0.3283794388309305,0.6508583247587358
prune,1367,,0.3284967017874223,0.65093324247551
prune,1300,,0.3285399828832734,0.650861380775693
prune,136,,0.32854539068328154,0.6507143283707681
prune,1375,,0.3288281191832278,0.6511165072686762
prune,194,,0.3289730632548562,0.6512456393702144
prune,589,,0.32898109925308944,0.651103534580442
prune,1463,,0.329387728580718,0.6517503290678333
prune,1570,,0.3293888337206902,0.6515943860871563
prune,1390,,0.3295084237007684,0.651672734698539
prune,2398,,0.32956780822836146,0.6516318378240945
prune,1891,,0.32960341842781193,0.6515437758993404
prune,2469,,0.32969882500632486,0.6515737950530939
prune,2429,,0.32977450194286523,0.6515646644481295
prune,1373,,0.3297919736510204,0.651440358849329
prune,3049,,0.3298836835083806,0.6514625815062586
prune,1289,,0.3300571610713589,0.6516461645702141
prune,2372,,0.3302100955206865,0.651789023849056
prune,561,,0.33028677547039303,0.6517811803614711
prune,762,,0.3302973530750308,0.6516427136433289
prune,2157,,0.33045398157572864,0.6517923051989128
prune,2735,,0.33060188415517794,0.6519245262403675
prune,1221,,0.3306436593910756,0.6518472712770965
prune,388,,0.330676442049201,0.6517521350245007
prune,1262,,0.3307116419696986,0.6516616153807804
prune,1948,,0.3309109654943209,0.6518944185930059
prune,1912,,0.3309315565646522,0.6517748841643551
prune,1076,,0.3309845793065526,0.6517190894877434
prune,2457,,0.33101987047692966,0.6516282224578356
prune,2454,,0.33125701919760625,0.6519346568739389
prune,2397,,0.3314142753914448,0.6520836615300177
prune,1478,,0.3315419976787446,0.6521743856957272
prune,1052,,0.33164779134579536,0.6522218088140069
prune,1873,,0.33171992519611915,0.6522028669519054
prune,2549,,0.3317344971844942,0.6520705736600967
prune,854,,0.3317964128950568,0.6520312112535499
prune,501,,0.33181554384325107,0.6519075989964209
prune,909,,0.3318715673098724,0.6518563333391405
prune,1924,,0.33193756809407104,0.6518245160677324
prune,2473,,0.33197855657715447,0.6517434176557119
prune,793,,0.3320408694381448,0.6517040398751214
prune,1475,,0.3320457004420035,0.6515516625690915
prune,1732,,0.3320778384644598,0.6514527288169965
prune,0,,0.3321163256918426,0.651366100524729
prune,1915,,0.33215756160386456,0.6512847108813172
prune,164,,0.3321846269621888,0.6511753762204422
prune,1233,,0.33236209743210104,0.6513607886424826
prune,612,,0.33236908260876785,0.6512118498658693
prune,2050,,0.33239407980223584,0.6510980574892014
prune,1762,,0.3327078026809549,0.6515497940548217
prune,1843,,0.3327559902563861,0.6514812411482185
prune,1738,,0.3328173229263214,0.6514382742352126
prune,2134,,0.33281866960197565,0.6512777118933339
prune,2709,,0.33287303182896183,0.6512207628631662
prune,556,,0.3329942541422648,0.6512944883412012
prune,1308,,0.3331266448396529,0.6513899013853616
prune,1875,,0.33318073185505354,0.65133200533652
prune,552,,0.33325656782184,0.6513164781353011
prune,1595,,0.3333708690878758,0.6513759850375979
prune,689,,0.33357303398420024,0.6516070454237695
prune,1388,,0.3337202282734186,0.6517305345541772
prune,237,,0.3338844425270486,0.6518871057987179
prune,2165,,0.3339237324310488,0.6517995518148609
prune,2676,,0.3339347937724,0.651656727618815
prune,1191,,0.3339752538819669,0.6515711301792916
prune,785,,0.33421382159255514,0.6518719589702404
prune,2895,,0.33424361320181667,0.6517653170350958
prune,276,,0.33437871405428576,0.6518639124583328
prune,498,,0.3344417459123867,0.6518218152353213
prune,1136,,0.3344499581538205,0.6516726913756467
prune,1048,,0.33445501177633447,0.6515172543827045
prune,345,,0.3344969441208928,0.65143351561683
prune,2266,,0.33463985300819166,0.6515463124747993
prune,1271,,0.3346702306099883,0.6514397950699644
prune,2957,,0.33496151979664524,0.651841098251803
prune,911,,0.3349896531170723,0.6517300056093349
prune,2319,,0.3351739271201207,0.6519225958199099
prune,2010,,0.33541749172529334,0.6522303638047373
prune,163,,0.33548187094682297,0.652189448727746
prune,2947,,0.3356204598924134,0.6522926696119312
prune,5,,0.3356676812402803,0.6522181065063827
prune,427,,0.335746195210096,0.6522041978583386
prune,2699,,0.33576270164687855,0.6520696451348313
prune,2120,,0.3357825577024447,0.6519414382492098
prune,2177,,0.3358031404556412,0.6518144813939375
prune,1382,,0.3358619565178686,0.6517615928235562
prune,1141,,0.3361311851172577,0.6521169505111494
prune,2629,,0.33632052793636075,0.652317112382236
prune,1493,,0.33637871023873134,0.6522626496086109
prune,2032,,0.33639110052841725,0.6521192081140493
prune,890,,0.3363970983729566,0.6519632094423482
prune,886,,0.33640843944655763,0.651817406680385
prune,465,,0.33659417702100725,0.6520094240440445
prune,1892,,0.3368585951571229,0.6523537125645819
prune,2736,,0.33701679489578545,0.652492075688901
prune,483,,0.33706375019286466,0.6524148395714371
prune,1769,,0.3373734077870636,0.652846035066968
prune,772,,0.3375348046396866,0.6529900870017954
prune,1245,,0.3375553802515854,0.6528614733947995
prune,2651,,0.33773863793954434,0.6530474078832399
prune,1815,,0.33776599295692145,0.6529316476137715
prune,536,,0.33781029461841555,0.6528484884911953
prune,375,,0.33789707218182835,0.65284726960481
prune,997,,0.337931540395635,0.652744791635131
prune,2933,,0.33794252267728137,0.6525967712924915
prune,316,,0.33805166928725644,0.6526381924418682
prune,1339,,0.33825108240212415,0.6528537489162617
prune,1908,,0.33827717836588694,0.6527345344373746
prune,2320,,0.33829466082182935,0.6525985283075361
prune,1484,,0.3385158584362747,0.6528554285332645
prune,2992,,0.3385267930807889,0.652706547066587
prune,1238,,0.33857837753137426,0.6526358924246374
prune,247,,0.33871215277451316,0.6527235333078234
prune,1684,,0.338794022928759,0.6527109511786514
prune,1528,,0.3388505443019999,0.6526493493687364
prune,604,,0.33903143274823866,0.6528271712032714
prune,527,,0.339125231239741,0.6528370784263232
prune,1936,,0.3391774468392583,0.65276674390354
prune,1992,,0.3392647053963641,0.6527636957055608
prune,415,,0.33955253245500056,0.653146467575478
prune,1664,,0.33963446243242723,0.6531329086825505
prune,768,,0.3399858075112382,0.6536373939751624
prune,473,,0.34025418411289976,0.6539821426775888
prune,82,,0.3403614741206771,0.6540170199526043
prune,639,,0.34048961942169487,0.6540918050608162
prune,280,,0.3406066072656131,0.6541449742146359
prune,1868,,0.3406918463146556,0.6541369778694267
prune,216,,0.34080497443154123,0.6541823665106451
prune,2749,,0.3408549220667741,0.6541062734074022
prune,2438,,0.34101039563606245,0.6542325599565244
prune,623,,0.3411000412499889,0.6542323452925674
prune,1103,,0.34115783599189115,0.6541708495276052
prune,3067,,0.34139940376394,0.6544616467942629
prune,2599,,0.34145132543936724,0.6543886222991456
prune,2868,,0.3415690312998859,0.6544415271314583
prune,1296,,0.3415697185327082,0.6542699939529373
prune,2422,,0.34160413156600083,0.6541629040694855
prune,1323,,0.3416483283299405,0.6540743790440734
prune,1687,,0.3417110433713477,0.6540211390514615
prune,2235,,0.34171644502412735,0.6538580003833832
prune,2261,,0.34190375046857757,0.6540428337482952
prune,782,,0.3420720195494113,0.6541910583765158
prune,200,,0.34244386631891044,0.6547285212132402
prune,928,,0.3424505299673402,0.6545674192380482
prune,1854,,0.3426522770492022,0.6547791172704392
prune,2684,,0.34267570574063533,0.6546497969883434
prune,1673,,0.3426825880655577,0.654488681960679
prune,1479,,0.3428138584376707,0.6545650156864701
prune,1159,,0.34315907998482825,0.6550497799811082
prune,1284,,0.3433830673932322,0.655302873308702
prune,330,,0.3433866271614315,0.6551350195670081
prune,1643,,0.34343296259522427,0.6550486183200256
prune,1540,,0.3434532494662026,0.654912341575753
prune,1108,,0.34346797946566837,0.6547652875285451
prune,2292,,0.34359664401549905,0.6548353044893424
prune,1010,,0.34362056723120726,0.6547054698904278
prune,2353,,0.3438106350789835,0.654892089618241
prune,1669,,0.3440135632283365,0.6551030231100557
prune,1569,,0.3440784080847647,0.6550507526005569
prune,1428,,0.3441910330502528,0.6550892844429078
prune,777,,0.344224742305317,0.6549773965842266
prune,1890,,0.34435420335240424,0.6550475639746122
prune,25,,0.34437477751884477,0.6549103644840191
prune,1611,,0.344382962692885,0.6547494172178213
prune,2592,,0.3444653996246057,0.6547294922770978
prune,1295,,0.34447888193019677,0.6545782874239822
prune,2561,,0.34461517937619285,0.6546603302732557
prune,2857,,0.3446820156591493,0.6546101980442665
prune,1429,,0.3448383433094387,0.6547298811207926
prune,2412,,0.34505042743057435,0.6549552620622775
prune,3062,,0.3450952260918842,0.6548628405091795
prune,716,,0.34520293643212613,0.6548896460604182
prune,1004,,0.3452461860582199,0.6547939438456294
prune,2210,,0.34527386854883485,0.6546685242803537
prune,447,,0.34534921152471515,0.6546333100525968
prune,743,,0.34536862965250287,0.6544918727144939
prune,1488,,0.3454356704380155,0.6544405196842669
prune,2938,,0.34553467540721705,0.6544495507079259
prune,1617,,0.3457051330629629,0.6545937575547872
prune,1381,,0.34570869383427966,0.6544216732102247
prune,376,,0.345731370792005,0.6542855989172184
prune,252,,0.34576374945430727,0.6541677024663365
prune,2892,,0.3457974405044501,0.6540521019381553
prune,1500,,0.3459338733515608,0.6541306899488066
prune,704,,0.34628374239832954,0.6546127721168489
prune,221,,0.3463279367529648,0.6545166610539712
prune,1237,,0.34673961551584315,0.6551150313753724
prune,2090,,0.3467819252377812,0.6550151506737759
prune,2076,,0.3468097257203709,0.6548876677300044
prune,230,,0.3468490405261438,0.6547817434624661
prune,204,,0.34688014793251504,0.6546601310965
prune,1532,,0.34689249325468674,0.654502910453605
prune,1252,,0.3469518530710494,0.6544342272700335
prune,2946,,0.34697485836772574,0.6542967614261966
prune,676,,0.34698716663480555,0.6541389283026621
prune,1661,,0.3474323827313628,0.6547972229796513
prune,1527,,0.3475257142926698,0.6547919511967236
prune,2194,,0.34756892164588066,0.6546920188841429
prune,703,,0.34760484243056544,0.6545781649496738
prune,1751,,0.34778842886260164,0.6547422578873859
prune,2970,,0.3478785128861555,0.654730079388645
prune,283,,0.3480092243972046,0.6547941871071655
prune,480,,0.3480987453101147,0.6547805747447928
prune,1069,,0.3481830167789438,0.6547568886071965
prune,360,,0.3482994130089628,0.6547934310185004
prune,3040,,0.3483232321156036,0.6546556883780682
prune,358,,0.3483762126699626,0.6545725724521334
prune,3053,,0.3484627359405078,0.6545523001716367
prune,1651,,0.34847504365243326,0.6543923880295754
prune,3,,0.34856595743405866,0.6543799303925555
prune,2327,,0.3486660561884609,0.6543845210385072
prune,765,,0.3487497996480529,0.6543582077344018
prune,1318,,0.3487590154306688,0.6541918236320255
prune,361,,0.34879176771205683,0.654069403809754
prune,666,,0.34883215949129154,0.6539611159791004
prune,2568,,0.34896179011639783,0.6540199692796013
prune,1117,,0.3490275638346865,0.6539589089807594
prune,986,,0.34917945034411785,0.6540590349025402
prune,559,,0.3492352635178677,0.6539789519589678
prune,1490,,0.34932096886165964,0.6539546588002596
prune,1293,,0.3494672967350061,0.654043681568234
prune,1946,,0.34948347036351246,0.6538888471580537
prune,889,,0.34965597596794945,0.6540263868358837
prune,2034,,0.34978906394303416,0.6540899693545605
prune,1041,,0.3498556244174787,0.6540289104764957
prune,2428,,0.34997231847344096,0.6540613932616297
prune,1067,,0.3502290641081206,0.6543554778368125
prune,693,,0.35023828079564573,0.6541867565162912
prune,85,,0.3503954451769824,0.6542942462824882
prune,2636,,0.35084260662047245,0.6549431769181866
prune,784,,0.350855307027047,0.6547806358868379
prune,3026,,0.3508883404497073,0.6546558489763883
prune,650,,0.3510870361683861,0.6548400155016374
prune,1316,,0.35132464485915965,0.6550965677312839
prune,233,,0.3518750746172569,0.655936356489042
prune,219,,0.35192372636156627,0.6558403012547406
prune,203,,0.351983295046293,0.6557643906309812
prune,1423,,0.3520026913904261,0.6556134111827556
prune,1078,,0.352175400298752,0.6557478492737409
prune,429,,0.3522391191398987,0.6556790836724308
prune,1545,,0.35235099246254986,0.6556997714724637
prune,2118,,0.35241494798774764,0.6556310544036045
prune,2964,,0.3524159981506265,0.6554450700306667
prune,1970,,0.35258452265867685,0.6555704402087196
prune,2121,,0.35260969723156527,0.6554289924289773
prune,292,,0.35284180341708754,0.6556720806418578
prune,2464,,0.35336539799431416,0.6564567537544227
prune,2339,,0.3534473858778846,0.6564205959669451
prune,744,,0.35361514203815353,0.6565435574227322
prune,2862,,0.3536409460928451,0.6564026776332318
prune,484,,0.35376853903297384,0.6564505716156956
prune,2209,,0.35378525412327105,0.6562924533448381
prune,2217,,0.35384363529028146,0.6562114391867334
prune,2891,,0.35396048406132136,0.6562386715062115
prune,2384,,0.3541106101224917,0.6563274010580797
prune,1978,,0.3541119570465895,0.6561400862975696
prune,2534,,0.3541920876426937,0.6560985796860997
prune,2598,,0.35420751282889334,0.6559369684222203
prune,2279,,0.35421463296089545,0.6557597621947238
prune,1322,,0.35428697216667165,0.6557031170020812
prune,2829,,0.35432311087072804,0.6555792405595651
prune,1055,,0.3545127221399401,0.6557391850314224
prune,426,,0.3546654821852361,0.6558307266294643
prune,2996,,0.3546775195727762,0.6556617618394379
prune,2113,,0.3550518226636289,0.6561624502718769
prune,1718,,0.3550788987126706,0.656021035671135
prune,2689,,0.3551899295098344,0.6560345569016289
prune,1496,,0.35531026417190564,0.6560650476887037
prune,608,,0.3554455432773721,0.6561229200603099
prune,2628,,0.35546960942863054,0.6559752268795284
prune,2214,,0.35563070424982973,0.6560802544160307
prune,470,,0.3557195654645953,0.6560517641873231
prune,2200,,0.35589103825094476,0.6561754547348537
prune,106,,0.35625113728211805,0.6566467944058856
prune,509,,0.3563993026019389,0.6567271572759108
prune,1546,,0.3565081669181597,0.6567348582897062
prune,2149,,0.35652719359170115,0.656576800024086
prune,1297,,0.35653147101246063,0.6563913540801594
prune,1505,,0.3565471456696334,0.6562266786289054
prune,2919,,0.35657214994951425,0.6560789600757457
prune,929,,0.35664719822795404,0.6560231254816874
prune,2751,,0.35682305830781386,0.6561525530632737
prune,2228,,0.35683275059027564,0.6559761089195176
prune,1842,,0.35687315831772876,0.6558559249155391
prune,186,,0.35717943198097163,0.6562242546544463
prune,1474,,0.35735153052986246,0.6563457706328527
prune,1767,,0.3574185956250994,0.6562740909117272
prune,2380,,0.357487073978041,0.6562047823784773
prune,1582,,0.35770974097517294,0.6564183548461964
prune,2937,,0.35780102886930365,0.6563905409174
prune,1201,,0.3578372567585076,0.6562614645536162
prune,1351,,0.35785624007727096,0.6561005291526699
prune,1248,,0.35786577603441017,0.6559220440319894
prune,2580,,0.3580090966217856,0.6559886114942268
prune,1804,,0.35817347582270487,0.6560935445561231
prune,311,,0.35827295084065397,0.656079322896313
prune,916,,0.35884699403845144,0.6569341511828538
prune,1949,,0.3589834625009125,0.6569874491888962
prune,2089,,0.35910110607048107,0.6570060539836426
prune,2843,,0.3595939433313685,0.6577110652673966
prune,457,,0.3596119516116803,0.6575471094507593
prune,2931,,0.35966039615249223,0.6574385939493705
prune,780,,0.35970717347552705,0.6573268008397103
prune,2383,,0.3597529690336282,0.6572129836260996
prune,1349,,0.35988014097689314,0.6572476395966698
prune,2238,,0.3601629389707204,0.6575663595183397
prune,86,,0.3602783058357094,0.6575790670033268
prune,1290,,0.36034881156662485,0.6575096372940612
prune,2664,,0.3604397506144449,0.6574772689921058
prune,2075,,0.3605727401492181,0.6575213923402001
prune,2048,,0.3606684486030297,0.6574972769114306
prune,1012,,0.3607460497833336,0.6574399079349269
prune,791,,0.3608122298398205,0.6573614842814617
prune,2006,,0.36084229831892795,0.6572170164171354
prune,542,,0.36095984001911924,0.6572316782518791
prune,2844,,0.36109122798347054,0.6572713206361203
prune,1147,,0.36128880847617695,0.6574312440995806
prune,2173,,0.3617418206724552,0.6580558609181951
prune,3024,,0.36178544637294247,0.6579352885487492
prune,2093,,0.36198736798828773,0.6581024348682285
prune,1358,,0.3619929528395001,0.6579122926976062
prune,1881,,0.3620507350005152,0.6578168093378662
prune,1007,,0.362108848290267,0.6577216900833975
prune,2396,,0.3629471808039634,0.6590438960648513
prune,2597,,0.3629932758947925,0.658926872241324
prune,847,,0.3630928960100189,0.6589067995807273
prune,1195,,0.3631015794731846,0.6587214160475173
prune,2114,,0.36328591215804595,0.6588545398275094
prune,2040,,0.3633186628191833,0.6587124317540126
prune,2554,,0.3633731774363588,0.6586095544260423
prune,1249,,0.3634935884402132,0.6586259067849004
prune,1425,,0.36353313978875307,0.6584954613628413
prune,603,,0.36356670592854295,0.6583539303093449
prune,888,,0.36366202829259514,0.6583240192862984
prune,2225,,0.36373924288670106,0.6582610748686725
prune,2822,,0.3638481165464473,0.6582551964828253
prune,2391,,0.36390904877172137,0.6581623144810179
prune,1579,,0.36393405874009943,0.6580042010877961
prune,2634,,0.3640451955032293,0.6580016090131006
prune,1314,,0.3641173482880022,0.6579282871114129
prune,540,,0.3641999471801197,0.6578735997834325
prune,1541,,0.3644957113628891,0.658203827697762
prune,1179,,0.3645869891139408,0.6581644333579466
prune,2377,,0.3647647032256809,0.6582808736049219
prune,3034,,0.36479649818733045,0.6581336497419085
prune,1755,,0.36501606898893885,0.6583250455811134
prune,2742,,0.3651648945065494,0.6583885573650393
prune,1437,,0.3652100908282718,0.6582649206975975
prune,1448,,0.36565931315567995,0.6588694743431127
prune,2611,,0.3657725958697532,0.6588682696977002
prune,2650,,0.36581850744679834,0.65874542200573
prune,2692,,0.3661618130651452,0.6591580110036565
prune,3056,,0.3662030294495698,0.6590263647832822
prune,399,,0.3663197120173283,0.6590303182829527
prune,70,,0.36635172784080416,0.6588816533136228
prune,816,,0.3665020918620437,0.6589456481587578
prune,1149,,0.3665136931833162,0.6587598283742288
prune,209,,0.36654878711601535,0.6586159946734376
prune,452,,0.36676395754374935,0.6587955651158232
prune,2863,,0.3669931732473984,0.6590001118361931
prune,2172,,0.36699651818850965,0.6587986885997864
prune,176,,0.36721809982931186,0.6589888863698403
prune,737,,0.3672325839981688,0.6588070681040399
prune,2087,,0.3674544151928443,0.6589970811996039
prune,1502,,0.3675230813327192,0.6589120630879879
prune,1084,,0.36759315082876814,0.6588293047055874
prune,1359,,0.3677645848799197,0.6589280158751732
prune,642,,0.36791523110618635,0.6589892084298978
