action,id_i,id_j,cap,cost
prune,1139,,0.03329022067768179,0.07521282059281972
prune,2084,,0.07565565827997164,0.170883207186499
prune,1611,,0.08492929853926885,0.19177906507328532
prune,1707,,0.09084370189700348,0.20508127864964693
prune,155,,0.11207649552679876,0.25295310120062436
prune,569,,0.1226243443441628,0.27669401370546326
prune,33,,0.1228719721601894,0.27718742877531344
prune,2809,,0.1264537180072156,0.28520099867074483
prune,2064,,0.15389861503276006,0.3470256828887149
prune,1905,,0.15643082114481158,0.3526610261211296
prune,655,,0.1659227033007672,0.3739832800995245
prune,2895,,0.17228697842683469,0.38825052405629956
prune,2911,,0.17334549042324088,0.39055811681526487
prune,625,,0.17463660688343832,0.39338908162973485
prune,2330,,0.17549711429881548,0.39524931926380913
prune,9,,0.18157738694638587,0.408864074349641
prune,2965,,0.18272145306292498,0.4113609828919049
prune,2992,,0.18277426508733555,0.4114006257739367
prune,1342,,0.18590049756193297,0.4183576939744003
prune,11,,0.1870296417321243,0.42081894176720436
prune,677,,0.18867704662252163,0.42444559060383014
prune,2224,,0.18941940734067997,0.4260354601958411
prune,1343,,0.1899773219227586,0.42721008321992654
prune,2434,,0.19130482631793763,0.43011491786455824
prune,2443,,0.19207667455033464,0.4317697992537268
prune,1874,,0.19406142314903163,0.4361506238563715
prune,548,,0.19439075856843696,0.4368100487143145
prune,60,,0.1952829649605786,0.4387340433255146
prune,1992,,0.19725324030724722,0.4430795256636812
prune,2968,,0.1986249683134205,0.44607957734272713
prune,1074,,0.1996626205239728,0.4483286833975472
prune,639,,0.2007022145909218,0.45058162572485627
prune,1949,,0.20097079120349262,0.4511031488404323
prune,586,,0.20114678147343015,0.45141670508205145
prune,2902,,0.20186149109370732,0.45293911760553235
prune,2360,,0.20268783882170682,0.4547116555626442
prune,2738,,0.20382106072378234,0.45717220667913044
prune,2988,,0.20389710868335414,0.45726102468402385
prune,912,,0.20464187450748159,0.4588494125550712
prune,1099,,0.20498945143036235,0.4595468772270116
prune,1055,,0.20500219300894357,0.4594935411307431
prune,1142,,0.2057351011818258,0.4610543191783469
prune,2029,,0.20653714773216506,0.4627696748651965
prune,91,,0.20663307749332233,0.4629025476686059
prune,312,,0.20666068878904248,0.4628823077075852
prune,2052,,0.208196017370447,0.4662389633146863
prune,23,,0.20874556595026209,0.46738738194903606
prune,2277,,0.2098758432326636,0.46983577454205994
prune,538,,0.2104756333956191,0.4710961039847817
prune,2528,,0.21166980324969284,0.47368649174598115
prune,2749,,0.21250194577841622,0.4754661921967267
prune,75,,0.21275301085120008,0.47594539261570074
prune,1948,,0.21394207677768912,0.4785228119594193
prune,999,,0.21488396133324658,0.48054684847379026
prune,2840,,0.2149127654915006,0.4805285659372011
prune,2771,,0.215097902802715,0.48085978969794146
prune,1461,,0.215170059878295,0.48093834209077263
prune,2778,,0.21527128205615723,0.48108180247986804
prune,1530,,0.21578112351789827,0.4821383537329698
prune,1690,,0.215932083968245,0.48239280004986257
prune,1467,,0.2160897233729326,0.4826620786192999
prune,1710,,0.217433826377772,0.4855813459509647
prune,2337,,0.2176084976272342,0.4858884513864291
prune,972,,0.21828925770365115,0.48732547339631804
prune,2418,,0.218845235297708,0.48848362576708243
prune,744,,0.21899104135407946,0.48872599534764455
prune,992,,0.2190240422983166,0.4887165329777872
prune,170,,0.21917467540756314,0.48896950560808605
prune,2551,,0.21924406846414507,0.4890411497542785
prune,2208,,0.22015426064881907,0.49098819562180485
prune,854,,0.22075334164515256,0.49224102239351153
prune,2198,,0.221191806590388,0.4931354457204147
prune,692,,0.22141796204464453,0.4935563415686213
prune,2977,,0.22148327329204368,0.49361859114586404
prune,117,,0.22196813794944828,0.49461584092186656
prune,2283,,0.22223057332810772,0.49511723567031746
prune,1409,,0.22263006317204945,0.49592385136724926
prune,788,,0.2226652523328087,0.49591878458034555
prune,2458,,0.22296834202610147,0.49651034180046555
prune,2268,,0.22315067534037694,0.496832854235272
prune,1903,,0.22341614427222403,0.4973403664890886
prune,2621,,0.22352851553275693,0.49750694486997654
prune,980,,0.22387854178914599,0.49820240053924114
prune,1685,,0.2243338132696541,0.49913190151517023
prune,1634,,0.22568138182984274,0.5020465239396421
prune,313,,0.22585294380250928,0.5023444973490498
prune,2735,,0.22609155611834425,0.5027915140351543
prune,2747,,0.22621408586434563,0.502980265613591
prune,2400,,0.22624122872063812,0.5029568538315973
prune,714,,0.22666952810655036,0.5038252169656571
prune,1209,,0.227145723830523,0.504799857169199
prune,1706,,0.2276544425727045,0.5058465752127869
prune,2503,,0.22767792877977497,0.5058148943647195
prune,1318,,0.22769136928889955,0.505760858735904
prune,1803,,0.22779688348427485,0.5059113098252884
prune,928,,0.227934386744281,0.5061327388803337
prune,490,,0.2280444846652064,0.5062932356735328
prune,666,,0.22808130506515484,0.5062909765144037
prune,1858,,0.2284022997562445,0.5069194835875891
prune,217,,0.22901969457359175,0.5082056857601891
prune,1045,,0.22903683827367563,0.5081596467929543
prune,1921,,0.22911336975753385,0.5082453362501659
prune,2973,,0.2294980589048045,0.5090145641674613
prune,1052,,0.22984051015533144,0.5096899455773113
prune,1731,,0.23074810992310682,0.5116184497516956
prune,2556,,0.2307741876151948,0.5115920692464976
prune,767,,0.23095493172632,0.5119085258186518
prune,1791,,0.2311648390536315,0.5122895310733302
prune,2704,,0.23151851015800654,0.5129890354861868
prune,254,,0.23177703967704438,0.5134775763535457
prune,2649,,0.23195042457339646,0.5137773685767557
prune,1898,,0.23237377795241093,0.5146307654293993
prune,2362,,0.23266672170710623,0.5151951718121287
prune,1295,,0.2330765548632691,0.5160182809984812
prune,360,,0.23322121651917474,0.5162541411880432
prune,1415,,0.2335810846351546,0.5169663055084023
prune,560,,0.2339647574254484,0.5177310051634494
prune,2545,,0.23415366605728805,0.5180645561923414
prune,2351,,0.23416963893360873,0.5180153898315748
prune,2622,,0.23442442773874925,0.5184944886515063
prune,684,,0.2344695329360634,0.5185096938415064
prune,1484,,0.23451474040527417,0.5185250804755205
prune,1004,,0.2349131250305134,0.5193213266260174
prune,1449,,0.23509637795624888,0.5196418142329803
prune,2829,,0.23528651886510865,0.5199774364427711
prune,705,,0.2353664701930302,0.52006944650355
prune,2940,,0.2356742858568346,0.5206648999220124
prune,1446,,0.23569417971559853,0.5206241203228074
prune,388,,0.2357829878230812,0.52073553082822
prune,1512,,0.23597830604134656,0.5210821171047118
prune,1623,,0.23606231370080033,0.5211828123114843
prune,541,,0.23617580485633555,0.5213485451235851
prune,1181,,0.2367414778504148,0.5225123988480944
prune,800,,0.23675353322733106,0.5224541299772901
prune,1957,,0.2368770893581912,0.5226418842616695
prune,2459,,0.23711193967949484,0.5230751298644368
prune,2607,,0.23725019032917885,0.5232951645158288
prune,1819,,0.23758566182781532,0.5239501350120339
prune,2600,,0.23758567253580246,0.5238651600149064
prune,1329,,0.23811157682303247,0.5249397443930369
prune,2958,,0.23821938032448087,0.5250923714647635
prune,693,,0.23835999283884624,0.5253172538156569
prune,438,,0.2389318389397336,0.5264924656323621
prune,2447,,0.2391595891008645,0.5269092281468516
prune,2513,,0.23934421352433996,0.5272308731989253
prune,750,,0.23941777203940423,0.5273077673780272
prune,1101,,0.2394594160418732,0.5273143160301048
prune,2828,,0.23952882879750598,0.527381971680985
prune,1366,,0.2400142593373449,0.5283655583549959
prune,1989,,0.2400951620855197,0.5284584209629081
prune,787,,0.24042747152524405,0.5291045939503308
prune,1557,,0.24077226265450663,0.5297781017574426
prune,1833,,0.2409292408057177,0.5300382133258553
prune,1062,,0.24093437193662298,0.5299641789943035
prune,1064,,0.2412216051920143,0.5305106425607207
prune,838,,0.2412558727795108,0.5305006360792738
prune,1952,,0.2415849066196578,0.5311387670035516
prune,1059,,0.24161038038070637,0.5311093568537957
prune,782,,0.24201436364025705,0.5319119675721862
prune,1714,,0.24246207652268276,0.5328105376346188
prune,2983,,0.2424675571133879,0.5327371132583599
prune,2668,,0.2425349928562092,0.5327997836476314
prune,841,,0.24257565905692482,0.5328035937665455
prune,1515,,0.24278286963345236,0.5331731737628475
prune,310,,0.24298188759041647,0.5335246676709771
prune,1837,,0.243022233540071,0.5335276599094578
prune,1068,,0.24371697399902428,0.5349672911367909
prune,2945,,0.24374480644746316,0.5349427618914457
prune,20,,0.24374800531800242,0.5348641285853695
prune,580,,0.24390406017478494,0.5351208876842364
prune,1416,,0.24526750075308848,0.5380266171620064
prune,2289,,0.24540318695299007,0.5382386054825788
prune,2797,,0.24544131712861944,0.5382365488998739
prune,1399,,0.2455986191066566,0.5384957921897038
prune,1867,,0.2455991161990121,0.5384111407610184
prune,2386,,0.24662922262450268,0.5405836651575631
prune,2540,,0.24675013074100552,0.5407629460282378
prune,385,,0.24679442359610357,0.5407742501358468
prune,2939,,0.24684404931241122,0.5407971951970546
prune,1876,,0.24703352349828145,0.5411264890945425
prune,2991,,0.24739100938016273,0.5418237368385747
prune,656,,0.24747245343896204,0.5419162602120543
prune,3050,,0.24750363440675857,0.5418986587834427
prune,336,,0.24754198779526077,0.5418967204669313
prune,2319,,0.24756933500916062,0.5418706446100329
prune,2864,,0.24783831394384503,0.5423734187933743
prune,2175,,0.24789404287218622,0.5424093911658165
prune,860,,0.24826708942684372,0.5431396490968736
prune,600,,0.2484252499290372,0.5433996446262775
prune,2353,,0.24853859682098248,0.5435615361963516
prune,1800,,0.24875688448343902,0.5439528792558167
prune,3046,,0.2488861648930295,0.5441494921491135
prune,711,,0.2490861150690426,0.5445005493143296
prune,1588,,0.24915637403226287,0.5445680054431467
prune,3028,,0.24955984365022704,0.5453637132804701
prune,78,,0.2498009153867295,0.5458043774308949
prune,2648,,0.24998442921533715,0.5461191769801589
prune,2134,,0.25022524943901225,0.5465590897791561
prune,1893,,0.2503916789505621,0.5468364093903317
prune,1227,,0.2504002094998436,0.5467688001559802
prune,2451,,0.2504708191117598,0.5468367147543284
prune,340,,0.2504726502365961,0.5467544126907662
prune,2371,,0.25054224947075276,0.5468200124467294
prune,2057,,0.2507339934322971,0.5471521555241058
prune,2346,,0.25077369478774814,0.5471524148377334
prune,2470,,0.25114114863928205,0.5478677632537183
prune,2960,,0.2511555903277299,0.5478128525702842
prune,674,,0.25116524230757903,0.5477474574132757
prune,140,,0.2512159481391633,0.5477715608292727
prune,2416,,0.2512802669830081,0.5478253012993525
prune,1299,,0.251635629650615,0.5485135278762154
prune,1988,,0.2517590872107772,0.5486961031759608
prune,293,,0.2520118019922962,0.5491603312111235
prune,2242,,0.25244342963962507,0.550014341860517
prune,2846,,0.25265151019204235,0.5503811310550384
prune,1465,,0.25268202589086425,0.5503610070993751
prune,2364,,0.25291904020558204,0.5507906275611275
prune,946,,0.25294412745030187,0.5507586144006695
prune,2317,,0.2529785142439087,0.5507468106394482
prune,1581,,0.2533566091896609,0.5514832608732035
prune,2834,,0.25337821035948516,0.5514435672108086
prune,1754,,0.2533877419310559,0.5513775655090115
prune,2955,,0.2533895029068056,0.5512946181271433
prune,405,,0.2535504404943577,0.5515579666634216
prune,2226,,0.2535806007225831,0.5515367438745296
prune,2978,,0.25380256669016527,0.5519326713426296
prune,2562,,0.2539955292413604,0.5522654321537542
prune,2866,,0.2540463964304557,0.5522891377191591
prune,682,,0.2541554598782459,0.5524393177674486
prune,2603,,0.25428943793682934,0.5526435925890986
prune,1473,,0.2543779916909362,0.5527490749401278
prune,2672,,0.2544037170822039,0.552717972752973
prune,3012,,0.2544575756422289,0.5527479544266721
prune,2011,,0.2545057000845982,0.5527654316863929
prune,2125,,0.254655710717482,0.5530041591346351
prune,1204,,0.2548770673286356,0.5533977525602459
prune,976,,0.25491826690831015,0.5534000766523842
prune,2773,,0.2550964123712291,0.5536996620091407
prune,1156,,0.2552442568221488,0.553933394764017
prune,2576,,0.25557597409190225,0.554566112964496
prune,975,,0.2556754532901941,0.5546947662586632
prune,1302,,0.25577982694458895,0.554833978869643
prune,2331,,0.2558324266341352,0.554860818758632
prune,3025,,0.25588047378866524,0.5548777367837068
prune,2954,,0.2561439413807678,0.555361766439251
prune,1035,,0.256424911538743,0.555883644383764
prune,764,,0.25643398118326594,0.5558159610938134
prune,2569,,0.2567651070333842,0.5564463197980616
prune,2141,,0.2567929081869017,0.5564191863054214
prune,779,,0.2569890323260322,0.5567567483959706
prune,966,,0.2571094830596516,0.5569302763248551
prune,725,,0.2571141469962268,0.5568529209670182
prune,2365,,0.25734237764396256,0.557259746010703
prune,281,,0.25748839662116263,0.557488447242847
prune,1146,,0.2574949454920713,0.5574150979229014
prune,1842,,0.25762900127809885,0.5576177456291618
prune,1756,,0.25791994514502986,0.5581599109305521
prune,967,,0.25798541172023437,0.558213997250988
prune,950,,0.2580172124406144,0.5581951852057573
prune,1279,,0.25829107326881334,0.5587000257481806
prune,1337,,0.25832685576862024,0.5586897632193498
prune,406,,0.2583409470733009,0.5586325429047017
prune,107,,0.2583415298469117,0.5585460723539264
prune,2429,,0.2585119715401322,0.5588268247839394
prune,2721,,0.2591700249708901,0.5601616178214365
prune,472,,0.2592835249672798,0.5603191836514291
prune,2489,,0.25941781988843965,0.5605216269594812
prune,382,,0.259440506265718,0.5604828403469578
prune,635,,0.25955151947237864,0.5606348383681298
prune,1639,,0.2596716071329934,0.5608063758763941
prune,397,,0.25969071867295374,0.560759763743656
prune,2396,,0.2599156863785923,0.5611576439240593
prune,2962,,0.2600293080093547,0.5613150274859916
prune,2148,,0.2600658357221031,0.5613059212173855
prune,1430,,0.2600681836912976,0.5612229966255102
prune,1609,,0.2602903617165281,0.5616144467446915
prune,620,,0.26037845087807526,0.5617164784821616
prune,1303,,0.26106992325556316,0.5631201950279259
prune,1970,,0.2613647561371004,0.5636681320750238
prune,576,,0.2614451700299203,0.5637535189452115
prune,1656,,0.2614465826015449,0.5636684929929489
prune,423,,0.26150854198973444,0.5637139736344617
prune,2302,,0.2617539579560522,0.5641548853698384
prune,2412,,0.26180245815782677,0.5641712736858265
prune,62,,0.26181656576171675,0.5641134970665362
prune,1462,,0.26192415455351364,0.5642571065071486
prune,145,,0.26207744816361234,0.5644991200802638
prune,2352,,0.26240994829626996,0.5651270797322681
prune,419,,0.26242509797468405,0.5650714461405699
prune,515,,0.262442847740056,0.5650213720871301
prune,2661,,0.26247086416356,0.5649933624290158
prune,3026,,0.2625023815846476,0.5649728468575516
prune,2229,,0.2625445152311916,0.5649751378626511
prune,733,,0.2628874523236001,0.5656247187698251
prune,2,,0.26290933270811545,0.5655833697814403
prune,2908,,0.2629505023450689,0.5655834775828996
prune,182,,0.2633603923199158,0.5663766625191684
prune,1943,,0.26339449195241615,0.5663615113286562
prune,2326,,0.26349751989937703,0.5664945356203479
prune,2251,,0.2635621810867113,0.5665450109410264
prune,2269,,0.2636651085728093,0.5666776950225945
prune,1117,,0.26385730430752663,0.5670021864833812
prune,2098,,0.26386182674493575,0.5669232870339685
prune,1219,,0.26437814162230333,0.5679440211938163
prune,2486,,0.2643917115633484,0.5678845376125459
prune,1083,,0.2644579866903788,0.5679382250789545
prune,1102,,0.2645231104458054,0.5679893881578528
prune,284,,0.26458283012553463,0.568028895533613
prune,736,,0.2646309249027141,0.5680433941758106
prune,2520,,0.26463586022534397,0.5679651968122073
prune,2944,,0.2648963799635383,0.5684355277486336
prune,1325,,0.26490136986445545,0.5683573992614627
prune,2635,,0.26523374198648353,0.5689816807792343
prune,496,,0.26524004249140504,0.5689063234038068
prune,0,,0.26547530487724474,0.5693220468029356
prune,1422,,0.26552602710996415,0.5693419067121499
prune,1288,,0.26568488870350254,0.5695936028986681
prune,553,,0.26576729282407285,0.5696813032605803
prune,1572,,0.2658868741636741,0.5698486428671521
prune,1310,,0.2659357492047393,0.5698643732229874
prune,984,,0.26616973789199033,0.5702767494152956
prune,2271,,0.26620752776206863,0.5702686526457522
prune,1425,,0.2662269104794298,0.5702210766963303
prune,2815,,0.266374331537264,0.5704477138053369
prune,2891,,0.2665676524715817,0.5707725816776149
prune,1028,,0.2666008958325592,0.5707545946862267
prune,372,,0.2666693643202623,0.5708119790565181
prune,3008,,0.26675334118704813,0.5709025087595146
prune,645,,0.26675517909546437,0.57081718057785
prune,818,,0.2668612776212837,0.5709549288850907
prune,1563,,0.2668894150268985,0.570925808286996
prune,589,,0.2669900860456634,0.5710518150318168
prune,2039,,0.26704362574729384,0.5710769499602354
prune,2549,,0.2671772121280846,0.5712732256184091
prune,1090,,0.2672434792241566,0.571325485842467
prune,469,,0.2672486388892977,0.5712470488395824
prune,73,,0.2675211700826314,0.5717401129211708
prune,1565,,0.2675458050367886,0.5717032530504381
prune,2584,,0.2678807721196301,0.5723295161007695
prune,1257,,0.26795766350366074,0.5724042575469668
prune,369,,0.26803279977796834,0.5724751950764495
prune,572,,0.2680402124485678,0.572401424006889
prune,1767,,0.2682043533306547,0.572662325515773
prune,2543,,0.2682222884732365,0.5726109622599922
prune,622,,0.26837236107689627,0.572841664444457
prune,2614,,0.2683834797773261,0.5727756825263538
prune,727,,0.26845229708785573,0.5728328056207731
prune,1923,,0.268719716993567,0.5733136836765551
prune,94,,0.2689053539763396,0.573619972083953
prune,1199,,0.26895236789941096,0.5736304600201717
prune,463,,0.2689724200945349,0.5735833918680427
prune,1534,,0.26914369026882784,0.5738587711127888
prune,1753,,0.2691585531413099,0.5738005708069532
prune,1789,,0.2693796773806436,0.5741820676494305
prune,2044,,0.2697367377109448,0.5748532418581546
prune,295,,0.2699160948012267,0.5751455653695284
prune,937,,0.26997986893792486,0.5751915108443537
prune,3038,,0.2699823742773702,0.5751068642256562
prune,1757,,0.2700088704422269,0.5750732861687748
prune,2432,,0.2701446267863443,0.575272382868547
prune,1235,,0.2702804156390686,0.5754714814235444
prune,1456,,0.27035675781655794,0.5755439337997373
prune,2448,,0.27053812979129505,0.5758399347617594
prune,2602,,0.2706324739826382,0.5759506097768712
prune,1419,,0.2707064611139166,0.5760179006828303
prune,2839,,0.27074021170214774,0.5759995160029088
prune,1646,,0.27083102036643475,0.5761024835390401
prune,2071,,0.2710809438467267,0.5765438759855486
prune,763,,0.2711367875740107,0.5765723782806746
prune,870,,0.27127021976763915,0.5767658314477625
prune,2070,,0.2714152654266717,0.5769839113764444
prune,1451,,0.2716019283403554,0.5772903985175183
prune,2003,,0.27170815133099707,0.5774258226907831
prune,1555,,0.2717579181636147,0.5774412000603251
prune,2788,,0.2717681500023495,0.5773725180351076
prune,1003,,0.27196473378410085,0.5776997233518683
prune,644,,0.2720058977728755,0.5776966912976526
prune,1211,,0.2721038888982312,0.5778143104586039
prune,810,,0.2722090675077445,0.5779471337936488
prune,420,,0.27270116353591384,0.5789014370339145
prune,244,,0.2727782912177443,0.5789746354798413
prune,949,,0.2728779932273014,0.5790956960418263
prune,2832,,0.2729299208085488,0.5791153051681627
prune,605,,0.2729508072731688,0.5790689961773952
prune,2152,,0.2729565174256942,0.5789904451624365
prune,2830,,0.27325926339374534,0.5795419580849407
prune,87,,0.2735053682843887,0.5799732351919369
prune,243,,0.2737373924971185,0.5803745625803983
prune,1151,,0.2738879749230224,0.5806031211887758
prune,2740,,0.27401966456200666,0.5807915574763165
prune,1380,,0.2740315468687058,0.5807259777422896
prune,577,,0.27447717910673014,0.5815796121222404
prune,2467,,0.2746197520945163,0.5817909370892156
prune,2282,,0.27465326639337273,0.5817711354460073
prune,1780,,0.2747938597202665,0.5819781165093318
prune,260,,0.27485595911805694,0.5820187796112436
prune,453,,0.27497694796554245,0.5821840992167037
prune,1822,,0.27505254544683394,0.5822532460414409
prune,2781,,0.2752349718157038,0.5825484960336288
prune,2580,,0.2753121746227427,0.5826209453325186
prune,1870,,0.27536554445023115,0.582642900640142
prune,614,,0.2754003180256014,0.5826254555725273
prune,1381,,0.2755457529427376,0.5828420888894589
prune,1189,,0.275637512756458,0.5829451113700649
prune,2601,,0.2757977497143522,0.5831929069890379
prune,2358,,0.2760178856453565,0.5835672993671541
prune,1192,,0.27616788607537474,0.5837933160290694
prune,1982,,0.2761857259634423,0.5837398705174788
prune,1835,,0.2762717611669242,0.5838305266792774
prune,1635,,0.2763054990605378,0.583810601811582
prune,121,,0.27633320670682066,0.5837778880723251
prune,1787,,0.2767125424760646,0.5844880207499764
prune,2684,,0.27678347804889225,0.5845465772751233
prune,3007,,0.27678689075344176,0.5844624673516668
prune,2560,,0.27683010057076624,0.5844623574254192
prune,668,,0.27683696704241995,0.5843854634585836
prune,1339,,0.27695935928668736,0.5845524111013121
prune,1745,,0.2769928685117524,0.5845316854645543
prune,105,,0.27709926558423753,0.5846647363490153
prune,322,,0.2771951816872005,0.5847756104311085
prune,1724,,0.27733114591000313,0.5849709170457701
prune,1601,,0.27744148519816025,0.585112102997111
prune,2558,,0.27759032587228216,0.5853344300619266
prune,266,,0.2776632568600363,0.5853966122683557
prune,1514,,0.2779060755408366,0.5858169367291657
prune,1815,,0.2779081589150522,0.5857296787199293
prune,1861,,0.2779215575818172,0.5856662298187743
prune,1600,,0.27799024459965577,0.5857192548432979
prune,246,,0.27806574867593453,0.585786590282765
prune,200,,0.278099281566103,0.5857654462238238
prune,1479,,0.2781843795128568,0.585852874437626
prune,559,,0.27821634688179286,0.585828345870158
prune,1797,,0.2782753670778062,0.5858607380606543
prune,2444,,0.27833480402937166,0.5858939555225697
prune,1355,,0.27859945102746886,0.586359115456446
prune,2238,,0.2789833723285504,0.5870752330438475
prune,2038,,0.27901045516456524,0.5870402783414207
prune,998,,0.2790576055888411,0.587047502674795
prune,2894,,0.27907326478307254,0.5869884252239852
prune,2478,,0.2790878110546535,0.586926962743613
prune,792,,0.27918712449920036,0.587043735190454
prune,638,,0.27925441904101317,0.5870931173581736
prune,2254,,0.27927110784781484,0.5870360470937634
prune,89,,0.27931239723479945,0.5870306470587096
prune,2124,,0.2793291698729948,0.5869736677171408
prune,473,,0.2794239998693243,0.5870806821444348
prune,2524,,0.2796935486640835,0.5875547526580946
prune,2501,,0.27970535094556176,0.587487244195558
prune,307,,0.2798273665135509,0.5876511972886753
prune,891,,0.28010466763781594,0.5881412150702399
prune,2017,,0.2801055279422932,0.5880506519927757
prune,1665,,0.280181376132806,0.5881174866843746
prune,2186,,0.2801921120520378,0.5880475818446035
prune,183,,0.2802268762589408,0.5880280657497174
prune,1799,,0.28052714922050026,0.5885656827019587
prune,1323,,0.2806781724978854,0.588790044219149
prune,1682,,0.28071493524685537,0.58877463060285
prune,292,,0.28074615268265335,0.5887475368497412
prune,1130,,0.28074802563847856,0.5886588536145242
prune,1535,,0.28076708552363705,0.5886061674722433
prune,1502,,0.28096116368298885,0.5889203730200022
prune,2748,,0.2811098660034591,0.5891393820958694
prune,2220,,0.28117665207705683,0.5891866329096855
prune,1937,,0.2812835989960902,0.589317989493527
prune,1894,,0.28144015839630765,0.5895532346379426
prune,327,,0.28163841129943695,0.5898757532328248
prune,945,,0.2817122442408348,0.5899375846086329
prune,2026,,0.28237502622962557,0.5912327726526698
prune,1733,,0.28242721601941684,0.5912492593608005
prune,221,,0.2825108600508774,0.5913315471633197
prune,1911,,0.2827422087887783,0.591722964304254
prune,547,,0.28274585084536547,0.5916377192021464
prune,2909,,0.28280957662448697,0.5916781635411426
prune,1263,,0.2829868587477607,0.5919561470027118
prune,280,,0.2830828337825217,0.5920639647531868
prune,774,,0.2831139086134634,0.5920359753174561
prune,45,,0.2831465605555927,0.5920112361012841
prune,1883,,0.2831778852258729,0.5919836732664991
prune,287,,0.28328842241152624,0.5921216679171212
prune,365,,0.28330864805848244,0.5920708200505623
prune,1537,,0.28333006930729554,0.5920224247999747
prune,1554,,0.28339356827597,0.5920619113901996
prune,151,,0.2839098037524715,0.5930472623984138
prune,1253,,0.28394162663746825,0.5930205370019832
prune,2861,,0.2839662988599437,0.5929788277866374
prune,1158,,0.28406054297896843,0.5930823620190714
prune,2664,,0.28412708239603385,0.5931279886351946
prune,314,,0.2842742190219354,0.5933418230237666
prune,83,,0.28435166445925164,0.5934101173476437
prune,1364,,0.2845463210062236,0.5937229792617769
prune,488,,0.2845911784488074,0.5937231763453069
prune,1890,,0.2846029352084011,0.5936542618244498
prune,1814,,0.2846603697030767,0.5936805884942243
prune,3002,,0.2848162623944516,0.5939122188867079
prune,2943,,0.285014117733276,0.5942312876176741
prune,357,,0.2850552441376918,0.5942234874882594
prune,180,,0.28525291678644576,0.594541995734959
prune,2514,,0.28530703132799184,0.5945611914347095
prune,2462,,0.2853110993179333,0.5944760330341261
prune,1669,,0.2853454384664335,0.5944539084699604
prune,2083,,0.28554602474742213,0.5947780990924647
prune,227,,0.28570085609099777,0.5950068991181708
prune,2379,,0.2857375237377941,0.5949895203042206
prune,1167,,0.2859291402305446,0.5952947646400736
prune,256,,0.2861493991762467,0.5956595693909226
prune,2341,,0.2862295480343068,0.5957326123595375
prune,664,,0.2862807981046125,0.5957454461201628
prune,1498,,0.28643794935574374,0.5959786224890593
prune,746,,0.2865245095195387,0.5960648415142663
prune,2628,,0.28654513043022534,0.5960138164833131
prune,1676,,0.2865612870583841,0.5959534578110974
prune,2674,,0.2865693598681069,0.5958762396835297
prune,2334,,0.2867503178745986,0.5961584911458098
prune,897,,0.28697574994920894,0.5965331370563965
prune,1334,,0.2870226806254647,0.5965366238434421
prune,387,,0.28709322308996865,0.5965891362470188
prune,2822,,0.2871150063216698,0.5965402617428404
prune,165,,0.2871535305031651,0.5965261249444332
prune,51,,0.28730781895616936,0.5967524418051376
prune,1681,,0.28734854221283324,0.5967427899728156
prune,1403,,0.2874869585821627,0.5969359838848971
prune,1200,,0.2877738705964967,0.5974374690505956
prune,298,,0.28812871634297005,0.5980799074496995
prune,2399,,0.2881417254178406,0.5980126240546026
prune,607,,0.28814196265471803,0.5979187853711713
prune,489,,0.28823821780741693,0.5980241629352282
prune,1388,,0.28843278074100814,0.5983334605186392
prune,708,,0.2884885171299395,0.5983546731336855
prune,1726,,0.2885251563619195,0.5983362195246044
prune,2887,,0.288769678916641,0.5987488519890433
prune,1308,,0.28879377241843834,0.5987043157334211
prune,2043,,0.2888302509443593,0.5986854085953375
prune,306,,0.288914046708993,0.5987645373177736
prune,754,,0.28901186081152197,0.5988726623254711
prune,973,,0.2892416594665619,0.5992542381521067
prune,1354,,0.2893326489645075,0.5993481224655468
prune,2004,,0.2894594750978319,0.5995161879347547
prune,2687,,0.28951308646758567,0.5995325365733334
prune,163,,0.2896054896992491,0.5996291692875466
prune,1435,,0.28967303430255986,0.5996742680684677
prune,2236,,0.2896975992023651,0.5996303283165544
prune,2552,,0.2898429192130637,0.5998363041824213
prune,672,,0.289946608445013,0.5999560486883181
prune,214,,0.2901062063607917,0.6001914263808085
prune,2571,,0.2901973300609286,0.6002850576893587
prune,2322,,0.29041907979578824,0.6006488558939004
prune,36,,0.29059774637541363,0.6009234608030771
prune,440,,0.2906344010083349,0.6009043035064989
prune,1999,,0.29065830358799344,0.6008587273324507
prune,156,,0.2908934237901771,0.6012497732862451
prune,2799,,0.2910133092165521,0.6014025374578367
prune,67,,0.29102403674109256,0.6013296353007475
prune,1144,,0.2910495180654502,0.6012871736072675
prune,836,,0.29138629685233597,0.601887832252908
prune,2731,,0.2914226516875829,0.6018677855780571
prune,1315,,0.29146509959423594,0.6018602725009969
prune,2590,,0.2915214938143084,0.6018815078735232
prune,8,,0.29153280152878097,0.6018095945877893
prune,1596,,0.2915808051592713,0.6018133912144021
prune,1863,,0.2918269365335294,0.6022260970384505
prune,1774,,0.29207377378171895,0.6026401750027524
prune,513,,0.29213549071223244,0.602672175580133
prune,2505,,0.2922961409136159,0.6029082355851856
prune,858,,0.2924407998152631,0.6031112372026416
prune,2722,,0.29249610270426346,0.6031298730139631
prune,729,,0.29256007267403566,0.6031663273404841
prune,521,,0.29272404661771323,0.6034089192782045
prune,1112,,0.29274834287638785,0.6033634902346474
prune,895,,0.2928168804258389,0.6034092015889188
prune,1519,,0.2928561292850594,0.6033944958507063
prune,2087,,0.29297910774605196,0.603552266837847
prune,1104,,0.2930544750312893,0.603611882902095
prune,1037,,0.29308124764797056,0.6035713410636511
prune,1603,,0.2931965320825258,0.6037130451436649
prune,1701,,0.29334851285927005,0.6039302517873657
prune,2368,,0.2933539124934034,0.6038455900285973
prune,3061,,0.29346321199727515,0.6039747684817073
prune,924,,0.29347508567527214,0.6039033554390475
prune,434,,0.29351872553225017,0.6038972669837624
prune,663,,0.29383572323522406,0.604453589782369
prune,1092,,0.29385158652050897,0.6043902975337749
prune,2097,,0.2938939348835444,0.6043814350439546
prune,2609,,0.2940829308480207,0.6046741198574045
prune,900,,0.29410927406010445,0.6046322649486165
prune,532,,0.2941334364734147,0.6045858756496291
prune,821,,0.2942239806117393,0.6046758938351608
prune,1256,,0.29426479308166953,0.6046636364835846
prune,210,,0.29434203758788985,0.6047261939759705
prune,925,,0.294704052066956,0.6053738026849431
prune,2598,,0.29487650739703086,0.6056318887717864
prune,392,,0.29493037602894123,0.6056463219093953
prune,889,,0.2950291410183782,0.6057529034960694
prune,1251,,0.29503326743231745,0.6056650949596697
prune,1956,,0.2950823794977538,0.6056695963488268
prune,1727,,0.295180091979037,0.6057738062373969
prune,1311,,0.29520429707593815,0.6057270881993062
prune,74,,0.29521768116315006,0.6056581139125394
prune,943,,0.29526408547704613,0.6056568393147109
prune,2890,,0.2954064045810611,0.6058522713182217
prune,1589,,0.29547107504813536,0.605888370461009
prune,1958,,0.29552619440547245,0.6059048254873165
prune,781,,0.2958020108332166,0.6063737495674533
prune,2506,,0.295908852712114,0.606496168878946
prune,1173,,0.29593135172379326,0.6064456403027527
prune,2466,,0.29593300143652745,0.6063523311714275
prune,650,,0.2961208023712423,0.6066404219982806
prune,2452,,0.296134647998081,0.6065720372165597
prune,952,,0.29613953172848206,0.6064852445330627
prune,1855,,0.2961507650402174,0.606411408357822
prune,2108,,0.29620651388694075,0.6064286826722703
prune,223,,0.2962134006677825,0.6063458561066155
prune,1394,,0.2962512343909265,0.6063263343050971
prune,772,,0.2962673185784772,0.6062622412103355
prune,1134,,0.29627125077486743,0.6061732286680572
prune,1054,,0.2962887114357481,0.6061118493992157
prune,1960,,0.29646421704189835,0.6063737569126498
prune,2313,,0.29652716251590255,0.6064053450128225
prune,3045,,0.29656223635010426,0.606379872525605
prune,2303,,0.29675901879241795,0.6066850205263559
prune,833,,0.2972693521940523,0.6076311610730395
prune,2384,,0.2973393114298864,0.6076769557404311
prune,2296,,0.2973928599669659,0.6076891501600707
prune,2468,,0.2976338842846261,0.6080844080605302
prune,226,,0.2976404387106311,0.6080005036348115
prune,3049,,0.2977085644778507,0.6080423349498109
prune,2493,,0.2978045950827516,0.6081411060158467
prune,2752,,0.2978091181332915,0.6080529322579368
prune,2454,,0.2978496492842898,0.6080382355707608
prune,1497,,0.2978635057685215,0.6079690252627188
prune,202,,0.2978733593613538,0.6078915933777844
prune,467,,0.2978913119979779,0.607830641247529
prune,462,,0.29790970338655,0.6077705332054824
prune,2953,,0.2980198944172928,0.6078976723461792
prune,1468,,0.29811828292975395,0.6080006698173412
prune,2166,,0.29822246249999973,0.6081154157960922
prune,2917,,0.2982846190363046,0.6081443995421134
prune,2080,,0.29831581880100294,0.6081102049139919
prune,1654,,0.29835968612841796,0.6081017816991758
prune,1275,,0.2985486499997829,0.6083890579804445
prune,847,,0.29855689625596893,0.6083079545218745
prune,887,,0.29858153308103347,0.6082601995471153
prune,1453,,0.2986099745930592,0.608220143418935
prune,1098,,0.29879951989512404,0.6085082056579537
prune,1848,,0.29882402631487454,0.6084600577497096
prune,1223,,0.29888686010477244,0.6084899055876818
prune,2005,,0.2989703342783715,0.6085617196208837
prune,2397,,0.2990264839820487,0.608577847608764
prune,2375,,0.2990952699258582,0.608619637676366
prune,2167,,0.2992142246823156,0.6087634645099712
prune,1445,,0.2992203321733185,0.6086776117204312
prune,135,,0.2992911234726886,0.6087233010433198
prune,2241,,0.29930616055300113,0.6086555228351108
prune,1011,,0.29938536026869755,0.6087181829240021
prune,968,,0.29939683931499805,0.6086430781216257
prune,960,,0.2995284616828051,0.6088121831076689
prune,2161,,0.29955715885021955,0.6087719979311961
prune,2012,,0.29956421541512146,0.6086877760745976
prune,1188,,0.29961744958625663,0.6086973407336351
prune,133,,0.29982210731802883,0.6090145049891017
prune,1522,,0.29997308044333587,0.6092225328819864
prune,43,,0.2999830340822712,0.6091440632813186
prune,349,,0.30002146901799337,0.6091233815930595
prune,2378,,0.30007490954703214,0.6091331125287301
prune,435,,0.3000788587039414,0.6090423123012969
prune,2189,,0.30015265383509604,0.6090932342762654
prune,696,,0.3002760159863721,0.6092446899027969
prune,2527,,0.30030645906731845,0.6092075324001123
prune,3042,,0.30031929204199626,0.6091345929185901
prune,1336,,0.3004676970498543,0.6093366057988812
prune,2820,,0.30047125180788326,0.6092447696648616
prune,2247,,0.30074395263957815,0.6096986613889228
prune,2205,,0.3007866139903006,0.6096860615299979
prune,718,,0.30086330776404197,0.6097423942632965
prune,471,,0.30092900902645675,0.6097763856399897
prune,98,,0.30100016444092553,0.609821369965527
prune,1110,,0.30103293277136844,0.6097885148567473
prune,1412,,0.3011645997387559,0.6099559572981489
prune,1734,,0.3012517928035771,0.6100332479306679
prune,5,,0.30129639345452097,0.6100242181140588
prune,103,,0.3014549027391848,0.6102457792920439
prune,906,,0.3015382836582415,0.6103151680929619
prune,2104,,0.30156931228831985,0.6102785231380682
prune,1041,,0.30159417043095893,0.6102293347466519
prune,1823,,0.3017272064795578,0.6103989935151967
prune,1523,,0.3018139402539795,0.6104749035170627
prune,1813,,0.30185112815264514,0.6104505251958426
prune,789,,0.3019460809171573,0.6105429225712459
prune,131,,0.3021081588957875,0.610770996970181
prune,1782,,0.3022202141421288,0.6108978571345637
prune,2776,,0.30262724854594036,0.6116209670821071
prune,2980,,0.3026326274134906,0.6115321320086029
prune,2145,,0.3026547941582223,0.6114771715449066
prune,1524,,0.30277581074681326,0.6116218895184814
prune,1680,,0.30283528757228895,0.6116422142666281
prune,801,,0.30293651725606763,0.611746816317189
prune,169,,0.3031815553611058,0.6121417854253277
prune,2857,,0.3032945022717893,0.612269943853677
prune,1115,,0.3033339518737521,0.6122496498389093
prune,27,,0.3033589204279588,0.6122000674894763
prune,2739,,0.3034413865714452,0.6122664753335367
prune,2714,,0.30344841030358716,0.6121805823805873
prune,778,,0.3034901295752659,0.6121646386210786
prune,1272,,0.3036322163474368,0.6123511060707757
prune,2140,,0.3036897599648076,0.6123669832719295
prune,71,,0.30371494872820193,0.6123175534405491
prune,34,,0.30373668160560613,0.612261100222824
prune,2111,,0.30385891183120606,0.6124071901523448
prune,2476,,0.3039124875392501,0.6124148295043127
prune,2086,,0.30393679941138063,0.6123634342160975
prune,1207,,0.30395179275225426,0.6122932070302043
prune,72,,0.30404489613369196,0.6123802887979287
prune,2961,,0.3040666253293364,0.6123235362944932
prune,2212,,0.3042267372832239,0.6125454277168555
prune,2423,,0.3043406898538584,0.6126742962979571
prune,1287,,0.3044818023017428,0.6128577782259249
prune,575,,0.30450530810874116,0.6128044483453206
prune,2090,,0.3045377131155185,0.6127689738671381
prune,351,,0.304555263000509,0.612703549253921
prune,413,,0.3045620427323607,0.612616400341245
prune,1457,,0.304608621581758,0.6126092602773193
prune,872,,0.30477532407516467,0.6128436693526711
prune,2106,,0.30488809434295117,0.6129695452957583
prune,1538,,0.30496165320024776,0.6130165120084142
prune,1891,,0.30511542651593265,0.6132246740049929
prune,970,,0.3051802181326784,0.6132539084725895
prune,1481,,0.3052523323819568,0.6132977974143944
prune,376,,0.30527096827773936,0.6132341672471264
prune,378,,0.3054457075285955,0.613484095396745
prune,726,,0.30545272528206946,0.6133970475242461
prune,1414,,0.30563929087931596,0.6136705409516645
prune,1881,,0.3056813122127693,0.6136537080702786
prune,508,,0.3057234806631104,0.6136371117813689
prune,1594,,0.305800136841327,0.613689685897906
prune,1493,,0.30582800484756834,0.6136442772233879
prune,2149,,0.3058316236345977,0.6135501507463212
prune,647,,0.30584786420620147,0.6134812944492897
prune,394,,0.30595783865375786,0.6136004159138477
prune,1255,,0.30612872701624116,0.6138416442114312
prune,2036,,0.30617200040164805,0.6138268805923964
prune,1927,,0.30621146401328714,0.6138044189219733
prune,1942,,0.30624474264159063,0.6137694993335732
prune,770,,0.3063462417282927,0.6138712611133178
prune,2981,,0.3065366320557442,0.6141510975044545
prune,2498,,0.30659524628241497,0.6141668130914258
prune,1849,,0.3066214061464853,0.6141174486354946
prune,552,,0.3072536227498382,0.6152819888511754
prune,2575,,0.3075304977588074,0.6157347418910929
prune,3034,,0.30765789433347573,0.6158880905744435
prune,2733,,0.3076597444879746,0.6157900172172537
prune,1985,,0.30767013771106316,0.6157089905734647
prune,137,,0.3078000826282358,0.6158671790867696
prune,15,,0.30781397994061865,0.6157930774481667
prune,2751,,0.30794324191782635,0.6159497341588154
prune,1735,,0.3082002352207099,0.6163618343123615
prune,706,,0.308369665827961,0.6165987148945309
prune,2660,,0.3083832134740288,0.61652379308382
prune,1688,,0.30850858191284314,0.6166723913276378
prune,1659,,0.30850978564262127,0.6165727033355356
prune,2862,,0.30858628857175024,0.6166234652830099
prune,257,,0.3086753831447236,0.6166993263012132
prune,2321,,0.30873011677003587,0.616706464992566
prune,429,,0.30877273556704427,0.6166893395378648
prune,698,,0.3088531468711892,0.61674764183262
prune,431,,0.3088621937139673,0.6166633572663301
prune,2982,,0.30900797409932945,0.6168520418281052
prune,1615,,0.3090719115557343,0.6168772586942897
prune,153,,0.30921817917417777,0.6170667521377724
prune,2223,,0.3092543358001543,0.6170364153350034
prune,1232,,0.3092914514907632,0.617007932747694
prune,1786,,0.309305255446146,0.6169328809564091
prune,1452,,0.3093277943408094,0.6168751966748606
prune,2681,,0.30934554559266564,0.6168079057553733
prune,2154,,0.30935127166355225,0.6167165778754748
prune,665,,0.30942761249543815,0.6167659846241895
prune,309,,0.30948132989747285,0.6167702276221485
prune,2250,,0.3095320101289953,0.6167683550016542
prune,380,,0.309609163060281,0.6168191749777574
prune,212,,0.3097071992295947,0.6169115385385914
prune,1737,,0.309709520100652,0.6168131575353346
prune,1426,,0.3098467513949902,0.6169834339317768
prune,3071,,0.30997999878780225,0.6171457033757384
prune,911,,0.3100608810399437,0.6172036346122549
prune,1217,,0.3101578322013172,0.6172934897344615
prune,771,,0.3103064462515704,0.6174861097088299
prune,2654,,0.31033062133204686,0.6174310055047969
prune,743,,0.31035533921000735,0.6173769225346916
prune,1715,,0.3103684593926775,0.6172997074421354
prune,441,,0.3103996679512089,0.6172584149706182
prune,2246,,0.31042273458914,0.6172008699936661
prune,784,,0.3104411496830244,0.617134016707917
prune,669,,0.31048702873208023,0.6171217070014924
prune,2333,,0.31057963119231935,0.6172022120065634
prune,2126,,0.31068844087517555,0.6173148602722149
prune,2711,,0.3108623981529384,0.6175568952021069
prune,2159,,0.31090314283033627,0.6175341851953691
prune,2910,,0.3109512649786597,0.6175260688256663
prune,2709,,0.3110686824452463,0.6176555195810168
prune,1131,,0.31108021651206935,0.6175746359903199
prune,2265,,0.3112122032028873,0.6177328488905831
prune,116,,0.3114698508973199,0.6181404420596855
prune,1908,,0.3116607842192158,0.618415531533126
prune,1770,,0.3117059163839787,0.6184012030176941
prune,1266,,0.3118899532876996,0.6186624175976987
prune,1398,,0.31198064044699775,0.6187383652308349
prune,2356,,0.3119857637712845,0.6186445317794422
prune,2184,,0.3120830739439942,0.6187334597269282
prune,2201,,0.3121001354236275,0.6186632015471747
prune,947,,0.31226909797758984,0.6188940231723915
prune,685,,0.3122958871109556,0.618842960036405
prune,1945,,0.3123174368970442,0.618781453245123
prune,2237,,0.31302209479128124,0.6200734431315476
prune,2157,,0.3130267338915436,0.6199784574417573
prune,528,,0.31304254382515195,0.6199055412553377
prune,2761,,0.3130625866077768,0.6198409489622068
prune,1769,,0.3131141797637786,0.6198387710148923
prune,1824,,0.31329131985543046,0.6200850877414547
prune,124,,0.3132976812609691,0.6199932739720417
prune,1492,,0.3133616790808682,0.6200154724220455
prune,164,,0.31413099873439265,0.6214333005161888
prune,1579,,0.3141461247180268,0.6213588263469085
prune,1865,,0.31417067535347676,0.62130293607783
prune,3064,,0.3142842158101456,0.621422990195012
prune,2632,,0.3144257693285915,0.6215983683168755
prune,1147,,0.31448794183837686,0.6216167240597229
prune,2638,,0.3145332052287464,0.6216015884395674
prune,2031,,0.31453862379822006,0.6215076370564157
prune,1558,,0.3145583909043117,0.6214419819466286
prune,2398,,0.31457555654447106,0.6213711265020991
prune,1431,,0.31476470404852963,0.6216399581076729
prune,110,,0.31484091572205836,0.6216856440288742
prune,2025,,0.31486534305566843,0.6216289981989915
prune,134,,0.31487766136510165,0.6215483822202915
prune,869,,0.3150470290149014,0.6217777455843094
prune,283,,0.31513230010725557,0.6218410393337949
prune,1228,,0.3151857512604662,0.6218414684923741
prune,1328,,0.3152208323954412,0.6218055861041999
prune,2420,,0.31525762831425863,0.6217730240717323
prune,1975,,0.31532770892617323,0.621806052722136
prune,1306,,0.31534155808235353,0.6217281175944431
prune,1250,,0.3153465059891356,0.6216325705883765
prune,1507,,0.3153951840461318,0.6216231775997461
prune,1717,,0.31539613726651033,0.6215196473422806
prune,2305,,0.31548811328376203,0.6215954473048841
prune,1997,,0.31577147696421015,0.6220483033109877
prune,2922,,0.3158754987203122,0.6221477369023655
prune,556,,0.3159657996460484,0.6222200718242572
prune,2214,,0.3159811970544989,0.6221448161358105
prune,1084,,0.316042250906814,0.6221594038034063
prune,2433,,0.3161382086558585,0.6222426443959564
prune,2095,,0.3162343451369682,0.6223261663809965
prune,1198,,0.3162486199205246,0.6222485022663378
prune,1644,,0.3162657648447333,0.622176425109709
prune,375,,0.3162706881793934,0.6220802409607461
prune,1424,,0.3164090402771919,0.6222464699387373
prune,3032,,0.31643523716194777,0.62219203569572
prune,128,,0.31645797401747416,0.6221307348507105
prune,1684,,0.31654030745711537,0.6221865467751502
prune,2128,,0.3166448660256911,0.6222859795844936
prune,908,,0.3166798536635713,0.6222486011358708
prune,267,,0.3167143610149594,0.6222102150507559
prune,2774,,0.3167150433668093,0.6221053059480738
prune,2676,,0.3167895634956411,0.6221453883399374
prune,710,,0.31692413871510433,0.6223033577613865
prune,66,,0.3169690089217373,0.6222850896436108
prune,2217,,0.3171545774118596,0.622543010896466
prune,2425,,0.3171629183661639,0.6224529316105634
prune,865,,0.31721651220052566,0.6224516128679657
prune,1182,,0.3174618405316978,0.6228264966484702
prune,1471,,0.3175215586842262,0.6228371034890134
prune,2311,,0.318063932657154,0.6237945067487564
prune,1768,,0.3184759473803209,0.6244960955371698
prune,239,,0.3185080786843662,0.6244525839594199
prune,1613,,0.3186742817425701,0.6246718931092008
prune,1645,,0.31881496313568175,0.6248410893640608
prune,1679,,0.3191540542660077,0.6253991141940959
prune,1379,,0.31920741472794434,0.6253970728569826
prune,1248,,0.31936422696667177,0.6255976727347545
prune,2372,,0.31946185719200937,0.6256822506392068
prune,1671,,0.31950285362996267,0.6256558241676407
prune,662,,0.3195334189479201,0.6256089035822878
prune,1418,,0.3195398828824403,0.6255147256175932
prune,2369,,0.31958039859386783,0.6254871515810759
prune,1442,,0.3196909990837549,0.6255966986553058
prune,824,,0.3201256560936891,0.6263403850084752
prune,1836,,0.32013760456325624,0.6262568192942108
prune,2626,,0.3201839415399541,0.626240470003407
prune,2964,,0.32027499076286264,0.6263115161692085
prune,252,,0.3205232592330141,0.626689975760672
prune,505,,0.32057237240311004,0.6266789119170377
prune,26,,0.3207383429740281,0.6268962494831328
prune,874,,0.32075311075190116,0.6268179413770948
prune,220,,0.3208315701496753,0.6268640511786582
prune,859,,0.3208547384845601,0.6268020466779107
prune,1761,,0.32107538827650356,0.6271258105559538
prune,1474,,0.32110766965660265,0.6270815243115763
prune,623,,0.32113165044964476,0.6270209609477246
prune,2270,,0.32120155482037077,0.6270500110340688
prune,2619,,0.3212615789647654,0.6270597012980084
prune,2482,,0.3212942774024062,0.6270159808093104
prune,1247,,0.3215733372803955,0.6274530332579514
prune,1448,,0.3216105696909795,0.6274180856765929
prune,2417,,0.32185547785835394,0.6277882665159389
prune,1666,,0.32188789639036114,0.6277438435960424
prune,459,,0.3219117157883052,0.6276825830192512
prune,1298,,0.3219553995735257,0.6276599949050398
prune,47,,0.3219799649860814,0.6276000636534278
prune,2304,,0.32204382702194545,0.6276166729452347
prune,1405,,0.3222101395995465,0.6278328977867901
prune,1725,,0.32226836524454416,0.62783840819558
prune,1728,,0.3223131415797562,0.6278176450131809
prune,1450,,0.3223614881000456,0.6278037694346599
prune,123,,0.3224499714388147,0.6278680023159443
prune,2177,,0.3224512711014899,0.6277623807332475
prune,1278,,0.32259386001600326,0.6279317968601691
prune,2608,,0.32262313113477914,0.6278805348860828
prune,373,,0.3228389321951859,0.6281922695377714
prune,2872,,0.3228603606511524,0.6281256561092669
prune,2591,,0.3229186879467328,0.6281307726422756
prune,1351,,0.32304532054959995,0.6282687009607755
prune,855,,0.323243701392494,0.6285461077871101
prune,2775,,0.32331428263859086,0.6285748953439115
prune,2930,,0.3235044857215492,0.6288362041559429
prune,679,,0.3235101283482324,0.6287386337751836
prune,2689,,0.32364199666181537,0.6288863470544837
prune,1305,,0.32364643090614376,0.628786329502655
prune,1860,,0.323712661181149,0.6288063207603798
prune,1851,,0.3237545228472489,0.6287789002542461
prune,356,,0.3237585960043307,0.6286780120573474
prune,1229,,0.3237773103198036,0.6286054934201405
prune,2611,,0.3238039852156134,0.6285483661188962
prune,90,,0.3238530864557044,0.6285347100122879
prune,355,,0.3239424490360339,0.6285991335301928
prune,720,,0.32405343048036045,0.6287054394935349
prune,512,,0.32454235005287924,0.6295450072216383
prune,890,,0.32458636230783994,0.6295213287679058
prune,328,,0.324701427089306,0.6296354016745699
prune,1739,,0.3248050441919296,0.6297271975772168
prune,1119,,0.3248892870989721,0.6297813517465912
prune,1133,,0.32500643574404187,0.6298992269072131
prune,2188,,0.3250533923067428,0.6298809690992759
prune,184,,0.3250821360351142,0.6298273453289
prune,2085,,0.3251941143747681,0.6299349358423298
prune,206,,0.32522286225326025,0.6298812047262801
prune,1262,,0.3252764466666657,0.6298755144685725
prune,2699,,0.3254258850733275,0.630055391402959
prune,849,,0.32544040465840207,0.6299739409890065
prune,2896,,0.3255377448463134,0.6300527644733257
prune,1081,,0.3255463251331624,0.6299597044089954
prune,1118,,0.3256463102241787,0.6300434761290775
prune,1411,,0.3258255787953814,0.6302805851198517
prune,37,,0.32583013033672326,0.630179595099069
prune,2306,,0.32586310300671195,0.6301335147052244
prune,2492,,0.32592486027559214,0.6301430344050015
prune,332,,0.32610963860991243,0.6303903607367984
prune,1683,,0.32612074351599124,0.6303018403861335
prune,2286,,0.3262253244266305,0.630393939141566
prune,3047,,0.326259288086534,0.630349485227784
prune,130,,0.32638822257073125,0.6304884734106225
prune,673,,0.3265392811741353,0.6306701259164201
prune,2869,,0.3266594741692902,0.6307920773503027
prune,593,,0.32669415450049594,0.630748802464815
prune,878,,0.32670800472375455,0.6306652366039758
prune,2338,,0.326713994929838,0.6305664288790264
prune,2853,,0.3268181808064267,0.6306570982189289
prune,942,,0.32683822948267094,0.6305853125614985
prune,468,,0.32687027411115616,0.6305366060641386
prune,564,,0.3271193654827684,0.6309065679179522
prune,864,,0.3272610344952601,0.6310692306546286
prune,2107,,0.32731632558669116,0.6310652268365338
prune,1046,,0.3273671289439534,0.6310524978153154
prune,997,,0.3274028126009863,0.6310105481095275
prune,2577,,0.3275126157370928,0.6311113983090051
prune,230,,0.32752810481627065,0.6310304068943666
prune,904,,0.32753205567606447,0.6309271145024843
prune,1402,,0.3276367652182747,0.6310178713603762
prune,2390,,0.32775245743081266,0.6311297061221106
prune,1094,,0.3277981099688019,0.631106575435384
prune,1128,,0.32791812443543294,0.6312265596355632
prune,2232,,0.32802057600770423,0.6313126532237634
prune,2856,,0.3280797675872822,0.6313154006317133
prune,3039,,0.3280936876785637,0.6312309495033003
prune,175,,0.32815594780898144,0.6312394446360615
prune,2847,,0.328198764980506,0.6312104613852796
prune,451,,0.3282923508789092,0.6312790602359973
prune,2120,,0.328398389912202,0.6313715319834122
prune,2063,,0.3284802289993433,0.6314173938625446
prune,2680,,0.32855647313510106,0.6314524241241896
prune,1979,,0.3286201697567116,0.6314632613388721
prune,296,,0.32865365821792525,0.6314159706515963
prune,1243,,0.3286539316355774,0.631304787578959
prune,1031,,0.3287745043853269,0.631424646491843
prune,519,,0.3290216732374577,0.6317875895543948
prune,2783,,0.32904761015549167,0.6317255774192176
prune,1811,,0.3291427217670624,0.6317963174466014
prune,555,,0.3291787551118541,0.6317535639470752
prune,330,,0.3291930683242198,0.6316690487446222
prune,2666,,0.3293020986450852,0.6317662341210073
prune,400,,0.32939822481929887,0.6318385810141819
prune,922,,0.32941661656483495,0.6317617243219588
prune,1638,,0.3294424802215717,0.6316991291157606
prune,1741,,0.3296324435430625,0.631951160748787
prune,237,,0.3296727363975607,0.6319161300124043
prune,1643,,0.3296789802424246,0.6318157534565825
prune,1766,,0.3297575737190548,0.6318539803569634
prune,1433,,0.32983213018260643,0.6318843946283201
prune,1959,,0.32998342622944105,0.6320617675836849
prune,1401,,0.330078845227931,0.6321320146802972
prune,2633,,0.3300903449602645,0.6320414499058724
prune,2287,,0.33013849516538785,0.6320210006604623
prune,1834,,0.3304182780661842,0.632443974974292
prune,661,,0.33095766097226664,0.6333638106681901
prune,1067,,0.33118657255736766,0.6336892919775884
prune,286,,0.33133061199227487,0.6338522684134285
prune,1159,,0.3313991248888841,0.6338706574958994
prune,317,,0.3314274834308171,0.6338121572736326
prune,691,,0.3314604965718846,0.6337624874691062
prune,2101,,0.33152644069961146,0.6337757183447162
prune,2233,,0.33184581252682066,0.6342734119468803
prune,1517,,0.3319107122869341,0.6342845583566831
prune,1593,,0.33196911945288826,0.6342832201303298
prune,1283,,0.3320437026415827,0.6343127178936004
prune,1265,,0.33205970946679625,0.6342302242638176
prune,2802,,0.3323102679976694,0.6345957090354504
prune,2091,,0.3323364224866073,0.6345325122972214
prune,1202,,0.3324750259657837,0.6346839710687758
prune,752,,0.33255037636198254,0.6347145833444411
prune,896,,0.3327851445545822,0.6350494278830771
prune,2976,,0.33308083083221457,0.6355004460175305
prune,2811,,0.33310424826136886,0.6354318247203699
prune,520,,0.3333244962750083,0.6357386560477286
prune,2047,,0.33336284535878774,0.6356984219358502
prune,2634,,0.33352494413647626,0.6358941268569784
prune,2032,,0.3336236225352526,0.6359688146091439
prune,364,,0.33367675187626755,0.6359565838251153
prune,1490,,0.3336984875366192,0.6358844362547044
prune,511,,0.3337424463623927,0.635854569268619
prune,1935,,0.3337643237373833,0.6357825517714746
prune,809,,0.33377396725571473,0.6356871541537276
prune,615,,0.3338829660629143,0.6357809363552336
prune,768,,0.33407875805988857,0.636039931920508
prune,1619,,0.3342269458904743,0.6362081955421296
prune,759,,0.33425140450906726,0.6361408223750051
prune,1444,,0.33427966522959585,0.6360806127772941
prune,218,,0.3343203460586304,0.6360439659368916
prune,1667,,0.3344448990645362,0.6361668321815174
prune,525,,0.3347889575735523,0.6367072064294338
prune,2594,,0.33484930500551796,0.6367078407913657
prune,2058,,0.3349079397723405,0.6367051412822793
prune,2813,,0.33503676098748175,0.636835816941783
prune,1807,,0.33521930580934456,0.6370685412459447
prune,491,,0.3353366753486877,0.6371772990333109
prune,2867,,0.3353555065008373,0.6370987156239319
prune,2163,,0.3353864812980113,0.6370431317965011
prune,2009,,0.33539805891881347,0.6369506246095864
prune,2018,,0.3355813571935139,0.6371842012165957
prune,1567,,0.3356789727425237,0.6372549782945669
prune,1875,,0.3357345108938294,0.6372457840064095
prune,628,,0.335745376439281,0.6371517095835783
prune,1390,,0.33576806990184144,0.6370800108627154
prune,2881,,0.3358199084909905,0.6370635445630438
prune,148,,0.335927350348802,0.6371524971944628
prune,1079,,0.3360432707252985,0.6372574514909085
prune,793,,0.3360772456165431,0.6372069043344485
prune,101,,0.3361175966547087,0.6371683723386411
prune,2697,,0.336177696761254,0.6371672068372247
prune,242,,0.3362052025336584,0.6371041778424837
prune,2707,,0.3363237039356502,0.6372135324425796
prune,756,,0.33634822313508683,0.6371447168210228
prune,2215,,0.3363647720725309,0.6370607257268922
prune,3041,,0.33637592171309016,0.6369664324503587
prune,25,,0.33656273513526314,0.6372047499011192
prune,797,,0.33661881790067544,0.6371954356588042
prune,2007,,0.33682268441392593,0.6374658256863323
prune,1237,,0.3369742004171051,0.6376370337618432
prune,1627,,0.3370020488224343,0.637574114268459
prune,2382,,0.337028320251183,0.6375081347738767
prune,404,,0.33704693993906526,0.6374276035287053
prune,1285,,0.3370539901280207,0.6373251133818586
prune,1065,,0.33727486150694014,0.6376269123328726
prune,213,,0.33728526294423167,0.6375306651216116
prune,1974,,0.3373007393870469,0.6374439368789011
prune,1126,,0.337356496164269,0.6374332669354462
prune,2918,,0.3374055074313417,0.6374097706694634
prune,285,,0.3375907519293637,0.6376435965945305
prune,2040,,0.33762023679164976,0.6375830922155291
prune,1775,,0.3377836400802875,0.6377754457896829
prune,773,,0.33782750879108875,0.6377419845770631
prune,1333,,0.33784442953714566,0.6376575663173047
prune,1276,,0.33789843266435715,0.6376430719701928
prune,2440,,0.33799093863529744,0.6377011665328267
prune,1590,,0.3381104992611983,0.6378102307451182
prune,2758,,0.3382263746164661,0.6379122572809242
prune,2612,,0.3383598143021562,0.6380473310876261
prune,1124,,0.3385971444126232,0.6383782530967036
prune,2113,,0.33865860448612256,0.63837745560395
prune,1475,,0.338938186143541,0.6387877985166676
prune,1899,,0.3389577297140208,0.6387078880621818
prune,1946,,0.3389727201397698,0.6386193197242346
prune,2793,,0.33898367731975665,0.6385230749767064
prune,812,,0.33901734711081605,0.6384695420834625
prune,609,,0.3390978773699604,0.6385041952208697
prune,1261,,0.33909916945218455,0.6383895436266316
prune,1114,,0.33913569267743765,0.6383411516735656
prune,2380,,0.33919440974956955,0.6383344612496801
prune,2542,,0.3392202922446699,0.6382658895315575
prune,2076,,0.3392428262469347,0.638190938309661
prune,2729,,0.33927983346306784,0.6381431402260339
prune,186,,0.33964598745465274,0.638714434219738
prune,2244,,0.33974138735626364,0.6387763894936805
prune,259,,0.33989371893994763,0.6389453179286405
prune,2480,,0.3399449558062688,0.6389240890966603
prune,646,,0.3399719393254595,0.6388571891575171
prune,1655,,0.33998414133205523,0.638762429839346
prune,2343,,0.3400548080884147,0.6387774519800482
prune,3059,,0.3401136996439979,0.6387702693392844
prune,1996,,0.34021806539338295,0.6388484226575776
prune,2812,,0.34032098361481883,0.6389237721766615
prune,1165,,0.34061801249858425,0.6393635146496417
prune,1525,,0.34066891190049414,0.6393410887655331
prune,1226,,0.34092865008061557,0.6397105701512285
prune,2427,,0.34095915966373463,0.6396497733420372
prune,3055,,0.34103042216044205,0.6396653614249898
prune,964,,0.34108650905449156,0.6396523977887947
prune,1729,,0.34114277108817714,0.6396396807368675
prune,1335,,0.3411564856588795,0.6395470941270676
prune,178,,0.3413582165783683,0.6398069431018137
prune,941,,0.34139805417898167,0.6397632187983294
prune,1389,,0.3414068664181985,0.6396612651751294
prune,2200,,0.34144319519242156,0.6396107954126874
prune,502,,0.34145399072968535,0.6395124076062783
prune,2066,,0.34152146963799984,0.6395201189230691
prune,126,,0.3415549619054793,0.6394640955292558
prune,1030,,0.34167848153622876,0.6395765660049081
prune,2724,,0.3417746938699161,0.639637825500829
prune,2810,,0.3418433865951183,0.6396474881669698
prune,342,,0.3421945464265047,0.6401856876431007
prune,3040,,0.3423054342095381,0.640274209907306
prune,3054,,0.3423658249750199,0.6402681778529583
prune,1578,,0.3424906212689452,0.6403825265302135
prune,1895,,0.3426908401000627,0.6406378310344862
prune,2445,,0.34269124403701984,0.6405194464298565
prune,1440,,0.34295861077696616,0.6409000319461771
prune,2182,,0.34302583383927504,0.6409064475633349
prune,1583,,0.3430627290879009,0.6408561064689466
prune,1549,,0.34313129711301155,0.6408648581059696
prune,2798,,0.34313483804309697,0.6407520566736911
prune,172,,0.3432056825581233,0.6407648730975245
prune,1000,,0.34369795320216284,0.6415645225215285
prune,524,,0.34384954276313673,0.6417280298575235
prune,2115,,0.34388862586329133,0.6416814442227594
prune,2176,,0.34394202844085425,0.6416614994267157
prune,2695,,0.34403729389946486,0.6417195821835529
prune,2972,,0.3443462146474715,0.6421761600570347
prune,907,,0.34445729972980954,0.6422636346907099
prune,2143,,0.34455283371561535,0.642322020948994
prune,2136,,0.3445727648619896,0.6422393590240351
prune,167,,0.34476331313692515,0.6424746710286335
prune,2599,,0.3449474232429625,0.6426978897958691
prune,2882,,0.3449548854374444,0.6425918399482518
prune,1832,,0.34496446417160603,0.6424896523436721
prune,1122,,0.34497292430515336,0.6423852997282448
prune,1732,,0.34508564446019996,0.6424750406912172
prune,1783,,0.34512523460559685,0.642428520270937
prune,916,,0.345135871250229,0.6423280130193688
prune,1904,,0.34519119911897206,0.64231061070419
prune,2034,,0.34523436921883227,0.6422704975782577
prune,195,,0.3455115004033252,0.6426656241109003
prune,2554,,0.34553027496441374,0.6425800240498222
prune,2624,,0.3455528231871202,0.6425013602330388
prune,2127,,0.3456735311153332,0.6426051533484657
prune,1201,,0.3457617823964479,0.6426485107048662
prune,2499,,0.3461470355899657,0.6432438845354626
prune,2146,,0.3461478036231304,0.6431245550846516
prune,231,,0.34617780863498915,0.6430594727695839
prune,1906,,0.3462807683376724,0.6431298474978555
prune,2750,,0.34635014548242155,0.643137752580161
prune,1466,,0.34653265858920185,0.643355684823486
prune,481,,0.3465451114204371,0.6432577490797158
prune,2989,,0.3465636799950394,0.6431710840406127
prune,2920,,0.3465680559123077,0.6430579919631348
prune,1695,,0.34663112243240995,0.6430537342437289
prune,7,,0.3467897735024951,0.6432267404959539
prune,2151,,0.34710023298746207,0.6436812708022225
prune,1857,,0.34713230014425195,0.6436193533372839
prune,2249,,0.34715038933217185,0.6435314304082378
prune,2272,,0.34719279931202335,0.6434885150418908
prune,1314,,0.34740593160308747,0.6437619794770123
prune,2779,,0.34743106394414863,0.6436869193525392
prune,1013,,0.3475325352812169,0.6437532295716253
prune,1395,,0.3476578047703119,0.6438635391087597
prune,1953,,0.3476725890870134,0.6437691067399652
prune,561,,0.34774375456740636,0.6437790043362704
prune,2192,,0.3477916371167594,0.6437457033350865
prune,1573,,0.34785015209082965,0.643731998680848
prune,1697,,0.3479580377491068,0.6438095858948505
prune,1489,,0.3479947032622563,0.6437552868120876
prune,2653,,0.3481995653431191,0.6440120959478042
prune,2457,,0.3482284749563866,0.6439433248340098
prune,2118,,0.34828527119267233,0.6439260435910966
prune,2879,,0.3483729166043927,0.6439657186165697
prune,1194,,0.34857839840636845,0.6442231571664205
prune,3066,,0.34867368409928096,0.6442768081432401
prune,873,,0.34872599414548366,0.6442509461058482
prune,1967,,0.34876155634222555,0.6441940507017018
prune,2726,,0.34890381586252583,0.6443341784165213
prune,531,,0.3490435775271271,0.6444695985256954
prune,2359,,0.349229354255597,0.6446898995535926
prune,2347,,0.34930753116282554,0.6447114397437033
prune,403,,0.3493167854508248,0.6446056607923308
prune,902,,0.34957235486698335,0.6449544002116167
prune,2691,,0.3497199139687887,0.6451037301065199
prune,1879,,0.3498144144005797,0.6451550765274531
prune,2762,,0.35005227896284663,0.6454707763007044
prune,24,,0.35015311727370335,0.6455336698358234
prune,1846,,0.3501868083554807,0.6454726611994804
prune,1294,,0.35035392039616187,0.6456575281120924
prune,909,,0.3504971167604181,0.6457982185048718
prune,938,,0.35067916756572876,0.6460104156677547
prune,1259,,0.3507779631255244,0.6460691213951338
prune,2903,,0.35082406516046216,0.6460306679462123
prune,2206,,0.3508634562583604,0.6459797657068479
prune,1640,,0.3508766913042126,0.6458806110242838
prune,2484,,0.3509098517132647,0.6458180529314533
prune,2613,,0.3509806364704306,0.6458246616105876
prune,2288,,0.3509927937300463,0.6457232844752607
prune,1552,,0.35105482449935227,0.6457135871053553
prune,1297,,0.3510626759571745,0.645604128678686
prune,399,,0.35134061525715793,0.6459913529938576
prune,1051,,0.3513461987092331,0.645877627865972
prune,1704,,0.35137692537104326,0.6458100434301486
prune,993,,0.3515430589302621,0.6459912794086019
prune,526,,0.35183021932914466,0.6463948509047227
prune,1540,,0.35191757522743383,0.6464311716008672
prune,546,,0.3521666584019006,0.6467645211002787
prune,1095,,0.35228437547598007,0.6468564721688675
prune,702,,0.3522867364859998,0.6467364807824403
prune,1718,,0.3524015930222921,0.6468229566965097
prune,1616,,0.35244579436161855,0.6467796318053934
prune,2836,,0.35244993204151936,0.6466626832128985
prune,1210,,0.3525896465672709,0.6467944379398939
prune,2323,,0.35273446767860644,0.6469354655068772
prune,1143,,0.35275528372407233,0.6468489274918283
prune,826,,0.3528011062901898,0.6468081620163901
prune,1501,,0.35295936699130326,0.6469734772193807
prune,2669,,0.35300203178857426,0.6469267737253712
prune,2481,,0.35302901505116147,0.6468512359859437
prune,58,,0.3531217049346641,0.6468960210021588
prune,2263,,0.3532280997306299,0.6469658224478406
prune,1268,,0.3532622741903422,0.6469032301756147
prune,712,,0.35343670813232075,0.6470974353472541
prune,2757,,0.35346603740861865,0.6470258303578529
prune,2469,,0.3535857060291126,0.6471195290884735
prune,965,,0.3537933318714701,0.6473741338066052
prune,544,,0.3538893152558408,0.647424319823881
prune,1642,,0.35395947892141383,0.6474271673071359
prune,2523,,0.35396009435724946,0.6473026900207838
prune,1532,,0.35399121688198026,0.6472339219026582
prune,2652,,0.3540227563018245,0.6471658247126634
prune,191,,0.35407686145136935,0.6471388935774444
prune,543,,0.3543185378714958,0.6474547452546915
prune,249,,0.35444190404333786,0.6475542667113128
prune,282,,0.35445292278711,0.6474484023638637
prune,986,,0.3544768683481379,0.6473660633970949
prune,840,,0.35491988581616324,0.6480490910331556
prune,585,,0.35503696586824995,0.6481367761003076
prune,445,,0.35507589600083317,0.6480816744235822
prune,1559,,0.3551500606718134,0.648090800370166
prune,2354,,0.3554042311915828,0.6484283667458733
prune,485,,0.355689790519473,0.6488231062100803
prune,741,,0.3557135015084396,0.6487400161496034
prune,379,,0.3559055832641956,0.6489639543236719
prune,1361,,0.35592270856511526,0.6488687199907383
prune,331,,0.3562074407111637,0.6492613379107351
prune,978,,0.35641853927918177,0.649519615022536
prune,562,,0.35660024199414453,0.6497242113848887
prune,1357,,0.3566074385176195,0.6496107043989635
prune,2267,,0.35665140618161756,0.6495641004334886
prune,979,,0.3566695342923639,0.6494703334606677
prune,1806,,0.35684398285955465,0.6496611698638359
prune,766,,0.3568471409202144,0.6495400061586087
prune,2782,,0.3570806833105008,0.6498381703221859
prune,1001,,0.35717523363552955,0.6498832415492027
prune,1845,,0.35725171712927756,0.6498953375147574
prune,1236,,0.35734579654625015,0.6499393523203538
prune,111,,0.35767009844075415,0.6504020681903633
prune,2823,,0.3577107376420002,0.6503487647650597
prune,2956,,0.35775986055724546,0.6503107934179413
prune,689,,0.35798578414533494,0.6505941569532331
prune,1569,,0.3581909655054943,0.6508397139154618
prune,2741,,0.35827228315922505,0.6508600673099041
prune,1918,,0.3583468272990462,0.6508680164724053
prune,632,,0.3584656962846366,0.6509563900960064
prune,2316,,0.3584762533428543,0.6508479421938295
prune,1076,,0.35850904789563187,0.6507797815653065
prune,44,,0.358656700647624,0.650920056400922
prune,1487,,0.3586571281162553,0.6507929884953867
prune,2019,,0.3587201935640846,0.6507795044850126
prune,2587,,0.35880487283367835,0.6508051414544062
prune,603,,0.3588428620705283,0.6507459790285008
prune,498,,0.35949519461231544,0.6518009958377057
prune,1060,,0.3596768493393014,0.6520023565077406
prune,1070,,0.3598291653882734,0.6521504221777177
prune,776,,0.3601345992198705,0.6525759435791358
prune,390,,0.3602820399759267,0.6527150192938393
prune,1973,,0.36031369688437787,0.6526441948911711
prune,1164,,0.3603544522170933,0.6525897574884275
prune,2639,,0.3604225991460503,0.6525848373867832
prune,958,,0.3606666461894,0.6528983611480532
prune,598,,0.3606804573867501,0.6527949219607407
prune,1966,,0.36091511053858344,0.6530911578917703
prune,2162,,0.3610604623043787,0.6532256661710766
prune,2768,,0.36113678185855164,0.6532351592818426
prune,2041,,0.3611905884559865,0.6532038246127234
prune,2561,,0.3613665397210516,0.65339332615926
prune,721,,0.3614406941698346,0.6533986321337066
prune,311,,0.36151429708159694,0.6534028421113669
prune,113,,0.36162028604584734,0.6534654981801891
prune,70,,0.3616945148038953,0.6534706517007988
prune,2548,,0.36182194352819713,0.6535718389199475
prune,2024,,0.3620370051615885,0.6538312470424213
prune,1214,,0.36210432907355994,0.6538236922993351
prune,2845,,0.36215846177266364,0.6537922159415278
prune,162,,0.36240923205304837,0.654115686436054
prune,1978,,0.3626410549977744,0.6544048464338219
prune,3060,,0.36310592298528027,0.6551145175788973
prune,173,,0.36316311011508356,0.6550884082683103
prune,168,,0.3631800194244691,0.654989532246528
prune,2884,,0.3632049060806375,0.6549049480861645
prune,59,,0.36324203129861876,0.6548423374203688
prune,1397,,0.3634593192941518,0.6551044781300797
prune,2808,,0.36376377257045583,0.6555236497607572
prune,1548,,0.3638884447340636,0.655618679415489
prune,1029,,0.36396146884433117,0.6556205360904458
prune,2682,,0.3639616390084079,0.6554910338454693
prune,1252,,0.36400983603766335,0.6554479450426653
prune,353,,0.3640531992100335,0.6553960510038015
prune,2951,,0.36409413844466704,0.6553396927971149
prune,1108,,0.36441007578372886,0.6557782977983997
prune,2142,,0.3645901822116018,0.6559723138890189
prune,48,,0.36532490274575513,0.6571642702759493
prune,203,,0.3654548514960833,0.6572680161237435
prune,1358,,0.365466379062135,0.657158641115187
prune,1969,,0.36561003550082,0.6572867959419361
prune,1264,,0.36592395912406783,0.6577210066055678
prune,617,,0.36606228498737636,0.6578394280754081
prune,415,,0.3661234095127412,0.657818985055967
prune,798,,0.3666307864476312,0.6586003759468432
prune,704,,0.36667127917541487,0.6585428091089198
prune,1604,,0.3666900951228419,0.6584462029947008
prune,1166,,0.36684449726382856,0.6585930065778822
prune,2952,,0.36704636279525277,0.6588249329309642
prune,2979,,0.3672890917835253,0.6591301154312494
prune,1127,,0.3673520825922811,0.6591125778338022
prune,2790,,0.36737463038637036,0.659022361315579
prune,1113,,0.36748013907738397,0.6590808926552487
prune,2705,,0.36749520214243764,0.6589770755873285
prune,443,,0.3676059013523626,0.659044680220334
prune,1242,,0.3676243485606239,0.6589467613896862
prune,2449,,0.36765915643028524,0.6588780724545892
prune,1183,,0.36768380809921847,0.6587910776653342
prune,2344,,0.36774860848319935,0.6587759304444673
prune,377,,0.36788383847096023,0.6588868698946864
prune,1939,,0.36797068442849107,0.6589110321015356
prune,1934,,0.3682225677413367,0.6592306720400666
prune,1184,,0.3682277948727706,0.6591085326560125
prune,3027,,0.36827179661978104,0.6590557090927791
prune,2536,,0.36845136767562486,0.6592454416551681
prune,139,,0.36846704238932776,0.6591417647497294
prune,233,,0.3685967735220074,0.6592420564726559
prune,1463,,0.36874819385418894,0.659381041995485
prune,2439,,0.368812345742443,0.6593638427299781
prune,1034,,0.36885631966294474,0.6593104587648282
prune,2068,,0.36888702921341815,0.6592332576448146
prune,1838,,0.36902339750126906,0.6593448100970477
prune,2460,,0.369106195111986,0.6593605225848145
prune,2871,,0.3692049729041252,0.6594046823502078
prune,1087,,0.36922214016467914,0.659302952204463
prune,1712,,0.36936491763028506,0.6594254572148592
prune,2002,,0.3693996026386692,0.659354842627106
prune,1408,,0.3695942643477846,0.659569726076048
prune,1763,,0.36965419078098793,0.6595440109403237
prune,581,,0.36975120288029,0.6595843724449192
prune,2805,,0.36985804409868017,0.6596421653067452
prune,2008,,0.37010559040659563,0.6599508472817776
prune,1788,,0.3701291385163614,0.6598599239324935
prune,608,,0.3702148488113798,0.6598797388120549
prune,2405,,0.37027916775806907,0.6598613121140597
prune,2688,,0.3703565284845431,0.6598660255441389
prune,2112,,0.3704693066943958,0.6599337484895824
prune,1994,,0.3704997951503138,0.6598547502847428
prune,2734,,0.37051725757040427,0.6597524432639924
prune,988,,0.3706860750865356,0.6599195891413508
prune,1694,,0.3707361034889506,0.6598751102200479
prune,815,,0.37086109096558184,0.6599639707443179
prune,619,,0.3709153944701409,0.6599269142824636
prune,1873,,0.3710486042837231,0.6600301671388465
prune,2299,,0.37174056639459013,0.661127424470436
prune,2502,,0.3718097981885613,0.6611168474982808
prune,1612,,0.37197368073265336,0.6612744951213972
prune,2258,,0.37202982685956715,0.6612404694218922
prune,1149,,0.3721927985606349,0.6613962438081492
prune,2264,,0.3722047416758359,0.6612834759893476
prune,2899,,0.37240995726052456,0.6615140488452748
prune,2370,,0.37263645910640536,0.661782330457138
prune,2821,,0.3728226982413421,0.6619789840087456
prune,96,,0.37285648143376937,0.6619047770181108
prune,2023,,0.37287671351807633,0.6618064019495588
prune,927,,0.3729139698299296,0.6617381414379773
prune,1871,,0.3730210097890903,0.6617936290736615
prune,1100,,0.37302916497185507,0.6616735379455829
prune,1360,,0.3731071386912445,0.6616772067323992
prune,458,,0.37316170894702083,0.6616392546994133
prune,61,,0.37320418463539295,0.6615797458165225
prune,2314,,0.3732971663306258,0.661609678277851
prune,2465,,0.3734029124490474,0.6616621289412092
prune,643,,0.3734910695071586,0.6616832966467361
prune,974,,0.37355923820147474,0.6616689364225828
prune,1651,,0.3736467212540351,0.6616886844490908
prune,2825,,0.37372734887110676,0.6616961803235177
prune,2532,,0.3737340600432825,0.6615726696247036
prune,1384,,0.3737886928197095,0.6615338963535483
prune,730,,0.37390144921717233,0.6615979013788661
prune,1886,,0.3739482684290707,0.6615451008682998
prune,592,,0.3741058589263084,0.6616881926703905
prune,2806,,0.37419913585112147,0.6617173980865693
prune,323,,0.374305310764066,0.661769305686983
prune,2181,,0.3743417959591219,0.6616978672564591
prune,579,,0.3744091354698967,0.6616808686475186
prune,99,,0.37467976828808425,0.6620231037814974
prune,2636,,0.3748213744919808,0.6621372027774192
prune,396,,0.3749234804880319,0.6621813975019827
prune,476,,0.37496862763100325,0.6621248615720741
prune,414,,0.37505012995916154,0.6621324241653885
prune,2123,,0.3752297670034493,0.6623131617244613
prune,2345,,0.37535726999059166,0.6624017471598218
prune,1963,,0.3753840076014775,0.6623123621625849
prune,2280,,0.3756342971239845,0.6626173705255557
prune,1755,,0.37564450503511837,0.6624986777795904
prune,1913,,0.37574313297527673,0.6625358454814309
prune,2281,,0.37578231314922,0.6624680577221945
prune,2998,,0.3758981312433988,0.6625352905259899
prune,1486,,0.3762838109924625,0.6630781474014825
prune,1696,,0.37659257048776806,0.6634853145554848
prune,161,,0.37665798170661324,0.663463547147156
prune,658,,0.37665879678980607,0.6633278618338928
prune,389,,0.3767584817930595,0.6633662179372726
prune,265,,0.37684394835498014,0.6633794213554942
prune,1322,,0.37689220020623404,0.663326987521445
prune,1321,,0.376956724172729,0.6633030855180571
prune,2824,,0.3770085232421285,0.6632566749163646
prune,1077,,0.37702928273531955,0.6631555335489878
prune,268,,0.3770369665048293,0.6630312758615083
prune,1568,,0.377083479491542,0.6629752014623906
prune,1382,,0.3772359957543383,0.6631054224765918
prune,2431,,0.3773087291155438,0.6630952580843422
prune,2446,,0.3773743787693803,0.6630725280350599
prune,401,,0.3774384172176081,0.6630468523547236
prune,2716,,0.37749567613155616,0.6630091504585923
prune,334,,0.37752231940917214,0.6629175521072169
prune,2252,,0.3775962722811789,0.6629089306731151
prune,2340,,0.37775838894444547,0.6630550063508386
prune,2122,,0.37796036918068915,0.6632709503244849
prune,1447,,0.37806382841774844,0.6633138514549832
prune,850,,0.3782483598416307,0.6634989074268509
prune,2045,,0.37824897073030295,0.66336115995104
prune,1123,,0.37832493286835955,0.6633554734001231
prune,530,,0.37847068777139786,0.6634720709636336
prune,141,,0.37872243317201293,0.663774395070983
prune,1495,,0.3791957036541087,0.664464941229444
prune,1069,,0.37939476746105744,0.6646747778447989
prune,2022,,0.3795901859158184,0.6648781102277246
prune,2787,,0.37973579795985224,0.6649940688006399
prune,29,,0.37986845818308185,0.6650872251071586
prune,694,,0.3799265422510835,0.6650496674806309
prune,437,,0.37993878157150507,0.6649317272909366
prune,1887,,0.3799461691175772,0.6648051781510282
prune,500,,0.37999208192146366,0.6647459357093173
prune,2999,,0.3799957123049121,0.6646125938880125
prune,1533,,0.38000186042995593,0.6644835400181552
prune,851,,0.38004890256591967,0.6644258928467653
prune,84,,0.3800650815396839,0.6643141604793787
prune,1624,,0.38043172111219387,0.6648150064021379
prune,416,,0.38046341251798843,0.6647302805925793
prune,1033,,0.3804831779626504,0.6646245965138027
prune,2339,,0.3805609545344473,0.6646201492833275
prune,1621,,0.3806642377974398,0.6646601387573279
prune,1812,,0.38106107883405615,0.6652126841757335
prune,263,,0.3810636298160413,0.6650766602464169
prune,324,,0.38107825477350626,0.6649615956633833
prune,2838,,0.3811050981470695,0.6648677378499606
prune,709,,0.38146807486407136,0.6653602950284386
prune,56,,0.38151257605944855,0.6652971281081763
prune,1129,,0.3817675223044569,0.6656009019439619
prune,1206,,0.38201368100187977,0.6658892322947955
prune,2814,,0.38212279864869764,0.6659385163605657
prune,1089,,0.3822783380263398,0.6660685989946418
prune,2156,,0.38233172398535653,0.6660205361267431
prune,2572,,0.3823684519091724,0.6659433295097485
prune,2547,,0.3824045513919225,0.6658649086282721
prune,1437,,0.38257195448377174,0.6660150497342882
prune,432,,0.3827642701800664,0.666208450044471
prune,1796,,0.382944344537264,0.6663804194664412
prune,54,,0.3830949119211667,0.6665009113142759
prune,1190,,0.3831028424718626,0.6663730735352565
prune,1289,,0.38312559566776516,0.666270903522576
prune,3048,,0.383548096749583,0.6668639384866921
prune,791,,0.38355072988529954,0.6667266854493578
prune,147,,0.3837019567972148,0.6668476673729835
prune,1370,,0.38395174433337426,0.6671398566808019
prune,2995,,0.384105409239244,0.6672648706362508
prune,2276,,0.3841351502094704,0.6671744378845271
prune,1817,,0.38423116992158673,0.6671990227927725
prune,2595,,0.3842525197923219,0.667093797912588
prune,1843,,0.38427227835723893,0.6669856880860101
prune,1777,,0.38441746600125914,0.6670952117082458
prune,1296,,0.3844976638370171,0.6670918098691045
prune,723,,0.3849834602844746,0.667792138745055
prune,1163,,0.38501157245195194,0.6676982769809721
prune,1556,,0.3852172415458278,0.6679122836714542
prune,461,,0.3853218684665687,0.6679509378651275
prune,961,,0.38537257535867137,0.6678959797257779
prune,2959,,0.38543032755344814,0.6678531117801235
prune,2491,,0.3856046206114172,0.668012100463434
prune,2725,,0.3856499039759699,0.6679474249204298
prune,2850,,0.38570327420599776,0.6678966356243892
prune,352,,0.3857255405097586,0.667791850634093
prune,2092,,0.38598975488669396,0.6681059083556484
prune,871,,0.3859986281642784,0.667977779893222
prune,2441,,0.386406230598244,0.6685396859029654
prune,816,,0.3864265228244815,0.6684312202661865
prune,827,,0.3865364807561595,0.6684777657518246
prune,149,,0.3865544018277593,0.6683649836149036
prune,2534,,0.3866280990258896,0.6683485366118324
prune,3011,,0.38670779897317514,0.668342344098934
prune,1420,,0.38686746468661215,0.6684742610906083
prune,2663,,0.3869896308352014,0.6685412435802464
prune,271,,0.3869943371964025,0.6684051401011527
prune,918,,0.38702819174900027,0.6683192659994004
prune,719,,0.3874066061573584,0.6688283821631984
prune,2568,,0.38743978137039575,0.6687412145296725
prune,588,,0.3877551166884521,0.6691410514861886
prune,527,,0.38786042240147384,0.6691782411015665
prune,2438,,0.38788184261299957,0.6690705450109552
prune,261,,0.3881959895574076,0.6694677685856565
prune,954,,0.388282753887859,0.6694726462969995
prune,884,,0.3883240792671597,0.6693990352573539
prune,229,,0.38843308277057,0.6694419880437601
prune,363,,0.38886077112160133,0.6700341719023559
prune,1195,,0.38892130828164223,0.669993465197569
prune,2312,,0.38899943851095975,0.6699829459193436
prune,2153,,0.38900641374423195,0.6698497205116419
prune,2015,,0.38921434319471987,0.6700624777784129
prune,2079,,0.3893391390576991,0.6701319565616546
prune,2550,,0.3893596191676545,0.6700217197505435
prune,1476,,0.3895160375857805,0.670145333909004
prune,1375,,0.3895363995426912,0.6700346896979948
prune,2197,,0.389702520102315,0.6701746900410711
prune,1816,,0.3897501162636821,0.6701106903266354
prune,2573,,0.3898088699798938,0.6700657499763314
prune,2510,,0.38981326567018537,0.6699272208136722
prune,3033,,0.39005361548767253,0.6701941606935027
prune,374,,0.3904385528375285,0.6707094619240568
prune,1439,,0.39048614684109895,0.6706450072305704
prune,539,,0.39071937189915024,0.6708993096513298
prune,2760,,0.3907324239944872,0.6707753435239142
prune,507,,0.3907602077929156,0.6706765431355464
prune,1742,,0.3912110827938955,0.6713039450195634
prune,302,,0.39138401430123193,0.6714541741682027
prune,368,,0.39150154516072155,0.6715092090047537
prune,2586,,0.3915052732907876,0.6713688742073365
prune,1177,,0.39152758748398403,0.6712602877203749
prune,930,,0.3918029445960958,0.6715855025439472
prune,193,,0.3919843576428023,0.6717495252322708
prune,2765,,0.39235346168889684,0.672235142280257
prune,1828,,0.39250894207015097,0.6723545404295247
prune,1941,,0.3925232552210351,0.6722319392940341
prune,1868,,0.39268657119047146,0.67236444595917
prune,448,,0.3927564377650848,0.6723367810227955
prune,1760,,0.39283207277375376,0.6723188618518371
prune,2373,,0.3930798508927256,0.6725954966651959
prune,1954,,0.39314914032084725,0.6725665226366364
prune,427,,0.39348940837830293,0.6730010918934907
prune,487,,0.39367778524989944,0.6731756894335084
prune,2511,,0.3937114746292967,0.6730855859449681
prune,722,,0.39379284187385816,0.6730768782161596
prune,69,,0.3939271130592487,0.6731584838305018
prune,731,,0.3939692150503959,0.6730824194097705
prune,504,,0.3940428580929704,0.6730601211162315
prune,278,,0.3940633131039955,0.672946819090815
prune,1809,,0.3940825621421262,0.6728313230722028
prune,2218,,0.3941215927394129,0.6727494744202314
prune,886,,0.3941718024110555,0.6726865784013953
prune,1839,,0.3942757627824024,0.67271529978229
prune,1137,,0.3945099549143272,0.67296614217919
prune,320,,0.39470562203278275,0.6731511219622203
prune,1012,,0.3947362595013346,0.6730544546385362
prune,2474,,0.3947886556125771,0.6729947610063408
prune,2585,,0.3948727384995691,0.6729889615705478
prune,192,,0.3951122081571532,0.67324791864054
prune,2130,,0.39511534873946574,0.6731039594050908
prune,985,,0.3952265482537985,0.6731439922294684
prune,2116,,0.39531023177190905,0.6731370150207363
prune,2769,,0.3953176084576513,0.6729999364228443
prune,740,,0.3953667367418167,0.6729338167524788
prune,2826,,0.3953876796115894,0.6728195766249837
prune,707,,0.3954118730341491,0.6727107321673608
prune,1284,,0.3954501704577218,0.6726257512440387
prune,2563,,0.39549715036392014,0.6725554049061314
prune,452,,0.39660179522645367,0.67428394032222
prune,1155,,0.3966354046663407,0.6741910088609018
prune,258,,0.3967375674045286,0.6742144928713104
prune,817,,0.39680541658243634,0.6741795147837346
prune,2285,,0.396905080138485,0.6741984658359048
prune,1765,,0.3970263251905521,0.6742539485275043
prune,777,,0.39712485346792514,0.6742707071288087
prune,409,,0.3973035861703294,0.6744235392174813
prune,2327,,0.3973795815907502,0.6744017982048002
prune,742,,0.39737975621188737,0.6742512115464119
prune,1274,,0.39741174646407224,0.6741544808616604
prune,2880,,0.3974712333966709,0.6741042664486883
prune,3030,,0.39758838672950764,0.6741517379774911
prune,3053,,0.39788205692760126,0.6744984464681634
prune,2617,,0.3981724017071436,0.674839383891035
prune,1014,,0.3981838620824354,0.6747074097844177
prune,1771,,0.39829528384051693,0.6747447165769775
prune,1779,,0.39848486239777964,0.6749143213230087
prune,1931,,0.39852366104014325,0.6748283522765955
prune,2419,,0.39859736523694106,0.6748013633083079
prune,362,,0.3986812980748088,0.6747915553003547
prune,1383,,0.3986888422366531,0.6746522840403816
prune,690,,0.39871749876440754,0.6745486052795652
prune,1369,,0.39927727385845085,0.675343547226023
prune,2525,,0.39972442179832535,0.6759478185489571
prune,2301,,0.40006901378998067,0.6763784939726658
prune,2049,,0.4001496828990326,0.676362726469703
prune,634,,0.40030206637362414,0.6764680652746032
prune,1884,,0.40047513695086645,0.6766082336423633
prune,568,,0.4005253270833763,0.6765406052681067
prune,2453,,0.40059612913761466,0.6765076597190115
prune,1218,,0.4006464746512786,0.6764400181215688
prune,21,,0.4006601300865583,0.6763102723470331
prune,2471,,0.4007440251456301,0.6762989756312451
prune,2147,,0.4007462761208962,0.6761497199984485
prune,1778,,0.4008126964555553,0.6761086145592323
prune,1504,,0.4008431929862387,0.6760067535450277
prune,2210,,0.40114923889425985,0.6763695665882519
prune,2404,,0.40134736093161877,0.6765502316603902
prune,745,,0.40138329583584803,0.6764572919655154
prune,236,,0.40147886750079204,0.6764647393459217
prune,828,,0.40218985486928316,0.6775092359015737
prune,2077,,0.40226341667414545,0.6774795701433565
prune,751,,0.4022953807142694,0.6773796856610483
prune,2921,,0.4024277905075274,0.6774488272832493
prune,2171,,0.40251450858842197,0.6774408903305134
prune,846,,0.4025148233064405,0.6772873545302925
prune,16,,0.4027922941294302,0.6776001420884046
prune,450,,0.4028372587537047,0.6775215598430788
prune,219,,0.40298380880776785,0.6776137284796312
prune,953,,0.4030338572287789,0.6775434476228551
prune,2863,,0.40322381272686053,0.677708278691515
prune,1571,,0.4035531212076165,0.678107242155729
prune,2630,,0.40365413806187384,0.6781223658988982
prune,1015,,0.40406628176374715,0.678660157736239
prune,1541,,0.40408132247609135,0.6785306846277008
prune,2490,,0.40409124138319136,0.6783924603762483
prune,2463,,0.40447397871683644,0.6788801374680961
prune,1542,,0.40449861777974455,0.6787664871281722
prune,1750,,0.40451797187149763,0.678643817457765
prune,241,,0.40453455446168807,0.6785163478506694
prune,1316,,0.4047552100185691,0.6787311027427845
prune,2257,,0.4048920031621305,0.6788050527773917
prune,106,,0.40535703033058407,0.679429286280217
prune,1249,,0.40550434706056426,0.6795207314351625
prune,264,,0.40556843505755086,0.6794725267608962
prune,1332,,0.4058651001478148,0.6798139239969164
prune,2923,,0.405962506538591,0.6798213446934258
prune,3058,,0.4063601424350034,0.6803315098962887
prune,1844,,0.4063694011248938,0.6801911505600086
prune,64,,0.4064065816404786,0.6800973879291133
prune,1892,,0.4064702007390013,0.6800477296631429
prune,1032,,0.40680115565171754,0.6804453058164831
prune,1007,,0.40701304871884075,0.6806435426850042
prune,1675,,0.40708810714268046,0.6806127508230105
prune,700,,0.40749822389190743,0.6811421413076975
prune,2073,,0.4075467956022893,0.6810669119357099
prune,1577,,0.4076327512816749,0.6810540216063621
prune,55,,0.40798840577473666,0.6814917002183233
prune,1106,,0.408002766151437,0.6813590071081694
prune,1544,,0.40830063457089544,0.6816997392397273
prune,1928,,0.4083228535569207,0.6815799873762342
prune,2870,,0.4083472621078497,0.6814637378653061
prune,1539,,0.40838148581454564,0.6813637189340025
prune,1830,,0.408499261571701,0.6814029856907255
prune,2279,,0.40872356179795416,0.6816198398834176
prune,1747,,0.40897791378568454,0.6818866807552156
prune,2325,,0.40906934592114913,0.6818816728538817
prune,366,,0.40909097402662103,0.6817601262527512
prune,701,,0.4093123302734165,0.6819713644734965
prune,2942,,0.40943081297645173,0.6820110115933219
prune,1392,,0.4096138137582802,0.6821580084474749
prune,2158,,0.4096376182766924,0.6820396679213011
prune,1622,,0.40979927998165827,0.6821507624195003
prune,2827,,0.40986150606003446,0.6820961444460517
prune,1324,,0.40990934076289154,0.6820174157259036
prune,749,,0.41007398095972436,0.6821329274930757
prune,1186,,0.4100768175735474,0.6819790685046346
prune,3010,,0.41032567823019916,0.682234311213273
prune,2033,,0.4103329907159638,0.6820876886456201
prune,115,,0.41046326796407706,0.6821453639733922
prune,1933,,0.4105180950346876,0.6820774642220133
prune,2933,,0.41093661795909,0.6826138522764983
prune,466,,0.41136963134410165,0.6831741825857026
prune,42,,0.4115446098842657,0.6833057378106135
prune,804,,0.4117413183491605,0.6834732328088104
prune,2873,,0.4118480214448603,0.6834911344061838
prune,737,,0.4118565396671984,0.6833458934250458
prune,2309,,0.4121152687660847,0.6836157506469165
prune,545,,0.41245250891573576,0.6840157326300526
prune,2138,,0.41260478932810585,0.6841087526119548
prune,734,,0.4129315181987685,0.6844909397634706
prune,273,,0.412935145329443,0.6843372551250289
prune,2904,,0.41303892388907315,0.684349430332851
prune,294,,0.4130715674423612,0.6842435571135322
prune,2437,,0.4131894505375828,0.6842787596952438
prune,270,,0.4132032818206225,0.6841414412712942
prune,2905,,0.4132689921074375,0.6840898806642605
prune,1300,,0.41338942582293425,0.6841287705714046
prune,1185,,0.4136338331945059,0.6843727285046978
prune,510,,0.41368435828471734,0.6842956655576723
prune,1056,,0.4137104324328225,0.6841779856307163
prune,1764,,0.413818535858933,0.6841958374832653
prune,2854,,0.4141907795706985,0.6846503744276806
prune,1708,,0.4142885006219946,0.684650865527239
prune,464,,0.414337768674047,0.6845711032849784
prune,3017,,0.4145002043306567,0.6846782071572561
prune,1580,,0.4146370827030528,0.6847429292101148
prune,6,,0.4146470366207261,0.6845978306633633
prune,1784,,0.4147535559060513,0.6846120442789493
prune,1374,,0.4147852632701752,0.6845025768399914
prune,2530,,0.4147870253581742,0.6843435142776925
prune,2767,,0.4147990153385687,0.6842011647715579
prune,2235,,0.41537514400353687,0.6849894408810442
prune,2929,,0.4154566243947538,0.6849616450790106
prune,1678,,0.41598093692805144,0.6856639869165911
prune,913,,0.41642043362134906,0.6862263574504819
prune,88,,0.416567512674881,0.6863065773782117
prune,393,,0.41683461348241974,0.686584435141921
prune,2160,,0.41687291369250085,0.6864851723498342
prune,1711,,0.41694697492177696,0.6864446501056173
prune,2408,,0.41698067797363475,0.6863375019889968
prune,234,,0.4170339308029516,0.6862623749347524
prune,2645,,0.417362323322544,0.6866399746767655
prune,1428,,0.4175564387304715,0.6867964560756818
prune,2647,,0.41770598199199366,0.6868794496207743
prune,209,,0.4177082419530063,0.6867200220671357
prune,2659,,0.4177483925357317,0.6866227351215194
prune,194,,0.4178689714711716,0.6866575125753788
prune,2916,,0.417935592874934,0.6866034383467221
prune,274,,0.4180989714228509,0.6867082004062423
prune,2219,,0.41822514962874285,0.6867516864799389
prune,493,,0.4184011184003846,0.6868767932278967
prune,484,,0.4185344620148706,0.6869317453574856
prune,509,,0.4186426584741807,0.6869452505226626
prune,2784,,0.4189023596415321,0.6872072649796908
prune,811,,0.4190838546079742,0.687340793617447
prune,2367,,0.41947191427762875,0.687813048546796
prune,1744,,0.41950132816224406,0.687696916791428
prune,179,,0.4195635157199337,0.6876343561762365
prune,2381,,0.4195897473768324,0.6875126809587361
prune,1587,,0.41976312873732297,0.6876320134995348
prune,1281,,0.4199075707333966,0.6877037653776524
prune,447,,0.420301605221697,0.6881842428865196
prune,2934,,0.42039026059217727,0.6881644183882706
prune,1509,,0.42055299549491576,0.6882657271596515
prune,1951,,0.4208074188683247,0.6885169727476617
prune,339,,0.4208378918379858,0.6884015343678072
prune,1503,,0.42086250856612484,0.6882763405890728
prune,1909,,0.4209562491940685,0.6882640507209591
prune,341,,0.42098358952269394,0.6881429962848783
prune,735,,0.4213120117967258,0.6885140618920221
prune,1150,,0.4214029410976625,0.6884967505976284
prune,2461,,0.42162194183833085,0.6886885768394277
prune,853,,0.4217447468365417,0.6887230696543067
prune,534,,0.4217722007010893,0.6886016382263717
prune,337,,0.42206250959731767,0.6889093044358391
prune,2737,,0.42206535561268077,0.6887474698527396
prune,2927,,0.42220913401260296,0.6888155052852377
prune,2970,,0.4226253819972745,0.6893280272852773
prune,197,,0.42280556153082083,0.6894552509188604
prune,408,,0.42284345034477805,0.6893502138519956
prune,1304,,0.42287691843354414,0.6892377915967124
prune,486,,0.42292412280412794,0.6891475876626376
prune,479,,0.4229323638729893,0.6889936990761389
prune,2996,,0.42308102238453704,0.6890684508329729
prune,2559,,0.42339982456422265,0.6894202285373042
prune,1820,,0.42345926405889983,0.6893494088790734
prune,1271,,0.42353302084566175,0.6893017273882028
prune,624,,0.42357599165011933,0.6892037517912638
prune,2646,,0.4237960876759688,0.6893938857395973
prune,2053,,0.4238501031104088,0.6893136115023175
prune,1804,,0.4238933025624019,0.689215564356956
prune,1025,,0.4242755961892749,0.6896688419957162
prune,775,,0.42432465502059946,0.6895801289312002
prune,2137,,0.4247355100798442,0.6900793767516736
prune,2683,,0.42487731567759357,0.6901412154024162
prune,602,,0.4249225187080505,0.6900459217368692
prune,262,,0.4249650971979406,0.6899461849143605
prune,127,,0.4250079395747428,0.6898466963040818
prune,1230,,0.4252678120475814,0.6900994028193046
prune,2994,,0.4252812311124576,0.6899518978166597
prune,2919,,0.4254537210718376,0.6900623541698283
prune,2336,,0.42547904081391696,0.6899338669512712
prune,1120,,0.4255081745377213,0.6898113827852544
prune,425,,0.42573025578846513,0.690001605984358
prune,1140,,0.42598642444003976,0.690246926943893
prune,1586,,0.4262075580167448,0.6904352986681932
prune,1545,,0.4272155784350103,0.6918986103966057
prune,2187,,0.427226184222038,0.6917459734823921
prune,963,,0.4273044235709078,0.6917026930855449
prune,1882,,0.427335809612326,0.6915833653090889
prune,542,,0.4275168896445168,0.6917061856499662
prune,1961,,0.42751712247088314,0.6915361418471009
prune,1345,,0.4275497774160068,0.6914183704530226
prune,892,,0.42758134269524223,0.6912986506720457
prune,626,,0.4275982113636543,0.6911549765344547
prune,114,,0.4277133242799339,0.6911699618446577
prune,1938,,0.4277319196636049,0.6910287515747416
prune,783,,0.42793875315565827,0.6911915572683794
prune,989,,0.42843368194164877,0.691819657187737
prune,253,,0.4285669420834088,0.6918634251905023
prune,1436,,0.42934844602342337,0.6929538417962147
prune,1008,,0.42938240223802226,0.692837255929658
prune,2394,,0.42939607968859245,0.6926877507482015
prune,604,,0.4296127622931566,0.6928656383429043
prune,536,,0.42986384861630506,0.693098858691091
prune,166,,0.4299002956617881,0.6929857271084824
prune,2717,,0.43003188649097474,0.6930258232560007
prune,1981,,0.4301388954537847,0.6930261122809415
prune,2578,,0.4302288386478075,0.6929987146436889
prune,344,,0.4305761771553986,0.693385866675571
prune,2651,,0.43080757932751657,0.6935861026771009
prune,550,,0.43090160398369687,0.693564926134084
prune,1026,,0.43090287104222236,0.6933942184808006
prune,667,,0.43099845336968307,0.6933751327514345
prune,17,,0.43122635748260335,0.6935688036131945
prune,2625,,0.4314895235159174,0.6938190351503865
prune,2016,,0.43149714178706533,0.693658057968949
prune,2318,,0.43181997087011514,0.6940037664559934
prune,159,,0.4319067441200289,0.6939698136993749
prune,549,,0.43192598323377346,0.6938271281091751
prune,2292,,0.43208662399910147,0.6939114610296809
prune,688,,0.43216353812499997,0.6938611100137702
prune,971,,0.43224316928231965,0.6938149332804557
prune,1773,,0.43233874614414775,0.6937941704432963
prune,1950,,0.43233913816715125,0.6936204233662163
prune,2082,,0.432369361759943,0.6934943529128634
prune,1698,,0.43252428871730875,0.6935681669479212
prune,53,,0.43253241306056195,0.6934063199429109
prune,329,,0.4326886183014936,0.6934817428667336
prune,2081,,0.4327065946668222,0.6933353686050627
prune,176,,0.43271758575519637,0.6931775996341718
prune,2357,,0.43276065827833143,0.6930710392768415
prune,1267,,0.4327626192766973,0.6928984208161105
prune,1801,,0.432772792562082,0.6927387540777387
prune,640,,0.4327936134400035,0.6925959356618484
prune,1793,,0.4328600518058975,0.6925259418653711
prune,2096,,0.43289271275927355,0.6924016952935664
prune,350,,0.43290482243310674,0.6922443675139595
prune,1024,,0.4331142437852209,0.6924024534612027
prune,1109,,0.4332117403697975,0.6923813706480767
prune,2456,,0.4332798689578409,0.6923131416044411
prune,57,,0.433338667191812,0.6922298022021762
prune,995,,0.43334820703236776,0.6920675521145603
prune,769,,0.4336563928704814,0.6923821959207574
prune,2643,,0.43375507745100156,0.6923620661857333
prune,2496,,0.43389230828514586,0.6924032886383383
prune,1652,,0.43390191448157284,0.6922405911396624
prune,1818,,0.43408277446807725,0.6923509920580168
prune,2504,,0.4342599361222966,0.6924553045128409
prune,1018,,0.43440368845644944,0.6925061380133083
prune,2109,,0.4348737009965461,0.6930770564022964
prune,2061,,0.43503889264174933,0.6931618535929656
prune,1543,,0.43509742207933544,0.6930764569845055
prune,2875,,0.43551575004233967,0.6935641759068413
prune,2593,,0.43552992026773774,0.6934078958916078
prune,1319,,0.4355331214863802,0.6932339390449537
prune,1810,,0.43561266323800296,0.6931813233593309
prune,844,,0.43568904108167655,0.6931234702767849
prune,483,,0.43574502696621303,0.6930329639050695
prune,2262,,0.4359085362388714,0.6931133201188391
prune,346,,0.4359411984964629,0.6929853628148144
prune,1406,,0.4361587884390429,0.6931512606973085
prune,1438,,0.436187702173498,0.6930170248509887
prune,2243,,0.43618995547440326,0.692840208240828
prune,2424,,0.4362486378134302,0.6927528404335503
prune,421,,0.4363259964394365,0.6926949335578636
prune,102,,0.4363287916871404,0.6925184091631983
prune,852,,0.4363957054364454,0.692443470698233
prune,612,,0.4364763161771807,0.692390066220692
prune,951,,0.4365589249095758,0.6923396266850499
prune,1346,,0.4367100790656798,0.6923977234369555
prune,288,,0.43689001125150795,0.6925012635137727
prune,122,,0.43707293160891075,0.6926093455326894
prune,2777,,0.43709829076524664,0.6924674692564181
prune,1356,,0.43729657585482357,0.692599425867991
prune,1570,,0.43730521121825766,0.6924307170212438
prune,2924,,0.4378772724184915,0.6931542180618248
prune,3022,,0.4380123596689285,0.6931856106838248
prune,2165,,0.43811831465396256,0.6931706815572596
prune,2221,,0.4381810955636321,0.6930872155876341
prune,2843,,0.4381906075810334,0.6929192530485261
prune,2796,,0.4382176458832844,0.692778796997647
prune,1527,,0.4383724711112355,0.6928402107110861
prune,948,,0.4384344672490002,0.6927546583142073
prune,2851,,0.43877077110087004,0.6931024612742299
prune,807,,0.43930468954761415,0.6937623466615442
prune,2315,,0.43940080940611154,0.6937304557940356
prune,1840,,0.43947042431596883,0.6936564947194955
prune,2865,,0.43949444394589904,0.6935103290355887
prune,2859,,0.4397516590811643,0.6937320443824134
prune,1317,,0.44002385302480135,0.6939772046226494
prune,3006,,0.44026836606819664,0.6941785022676935
prune,3015,,0.44031531575853405,0.6940679985994259
prune,1991,,0.4403633486930251,0.6939589854568692
prune,1752,,0.4405939957257751,0.6941376293050165
prune,1376,,0.4407092332784701,0.694134191325481
prune,2403,,0.44114671614659784,0.6946382635415823
prune,1050,,0.441427901524423,0.6948959694270548
prune,715,,0.44154609204381406,0.6948968094908557
prune,1653,,0.44179272257491453,0.6950996436692886
prune,2655,,0.4419301428132785,0.6951303954727295
prune,2426,,0.4419653634325219,0.6950001285759395
prune,118,,0.44209144629577146,0.6950125712242192
prune,144,,0.4423116881778435,0.6951728802599998
prune,1043,,0.44254010199957755,0.6953458364531746
prune,2803,,0.44273584579205594,0.6954672416967407
prune,2488,,0.44282398448919214,0.6954193539832384
prune,1889,,0.443358623238287,0.696072682747187
prune,2062,,0.4436485616171653,0.6963415363529305
prune,929,,0.443779309512526,0.696360248219535
prune,2385,,0.4439382785374319,0.6964230457016676
prune,1282,,0.4442106632783806,0.696663614610895
prune,465,,0.4442860493565414,0.6965949234043527
prune,2794,,0.4447517971698625,0.697138271617099
prune,1901,,0.44542331217521797,0.6980040971498622
prune,417,,0.4454426957918611,0.6978474929074294
prune,2564,,0.4461563093176754,0.6987786495370605
prune,1441,,0.44660051083588037,0.6992875631434673
prune,962,,0.44683699635148955,0.6994709479653712
prune,1614,,0.44686227709823567,0.6993233988386619
prune,2185,,0.44692259583328947,0.6992304726412355
prune,994,,0.4471068984663978,0.6993313684064595
prune,3013,,0.44717142576733676,0.6992446451088492
prune,1759,,0.4473687476809691,0.6993654218915084
prune,2231,,0.4479596507639123,0.7001014909976218
prune,3037,,0.4481848142235596,0.7002656009298378
prune,308,,0.44876900452720825,0.7009906698901422
prune,1362,,0.44891594734448786,0.7010323475912352
prune,1352,,0.44900621120859885,0.7009852677838663
prune,2479,,0.4492364507610436,0.7011565722582501
prune,2121,,0.44927350262850935,0.701026041701096
prune,2671,,0.44939162604701294,0.7010218250292656
prune,1103,,0.44944518871627986,0.7009166403925792
prune,1220,,0.4496041686514256,0.7009756844127725
prune,1203,,0.44962259013695827,0.7008152891208039
prune,2537,,0.4496246604628997,0.7006291617289925
prune,1983,,0.44975001079183774,0.7006349659580999
prune,2667,,0.45006768828231714,0.7009402703037346
prune,1136,,0.45018366088187217,0.7009311285182118
prune,2131,,0.45072157755319636,0.701578964681971
prune,2074,,0.450827521271344,0.7015539978466115
prune,1071,,0.45089306871527407,0.7014659192574408
prune,2211,,0.45101948334698794,0.7014723353420013
prune,2100,,0.4512136849405234,0.7015839953665958
prune,1063,,0.4512193499205128,0.7014021812839618
prune,1488,,0.4512889524280987,0.7013195491156522
prune,2245,,0.45160402721151655,0.7016182962309223
prune,1965,,0.4517494642484556,0.701653197237649
prune,361,,0.45182571871187127,0.7015803816283204
prune,1393,,0.4520933292915942,0.7018045731964778
prune,1516,,0.4524789171852875,0.7022117684451818
prune,290,,0.4525036115353517,0.7020584900754424
prune,2207,,0.4527293749826192,0.7022170426980255
prune,28,,0.4528376439362507,0.7021930721516656
prune,225,,0.45300554666954257,0.7022613760121014
prune,1312,,0.4530658125231868,0.7021625337671537
prune,825,,0.4531461439137782,0.7020945613406852
prune,1494,,0.45316252512079724,0.701927232226375
prune,1338,,0.45318022863208907,0.7017617050378767
prune,2010,,0.4532141298366839,0.7016210224359273
prune,1048,,0.4533889626168186,0.7016983520232235
prune,1748,,0.4534712236565983,0.7016321327462034
prune,1387,,0.453700873928877,0.7017938072574805
prune,2885,,0.45373188607119525,0.7016478923138837
prune,1258,,0.4538216998470583,0.7015926941797755
prune,786,,0.4538583251296054,0.7014549984455529
prune,2893,,0.4539873417472918,0.7014599026523621
